dataset,dataset_name,window_id,start_s,end_s,sample_rows,frame_count,vehicle_count,density_veh_per_m,flow_veh_per_s,mean_speed_kmh,std_speed_kmh,speed_ratio,mean_abs_acc,std_acc,mean_headway_s,min_headway_s,mean_space_gap_m,headway_sample_count,acceleration_interference,mgti,lane_change_count,lane_change_rate,hbb_occupancy,obb_occupancy,occupancy_reduction,hbb_hfgo_occupancy,hfgo_occupancy,hfgo_occupancy_reduction,hbb_grid_active_mean,obb_grid_active_mean,grid_active_reduction,hbb_grid_entropy_mean,obb_grid_entropy_mean,grid_entropy_reduction,hbb_grid_peak_frac_mean,obb_grid_peak_frac_mean,grid_peak_gain,direction_fluctuation,theta_conf_mean
xamn5,XAM-N-5,0,1.000,6.000,4926,150,43,0.307143,8.600000,33.176796,11.375072,0.552947,1.353668,2.032873,2.787356,0.001010,20.353163,3370,2.032873,1.596799612045288,9,0.209302,0.04374662,0.03976169,0.09109130,0.04374662,0.04374662,0.00000000,1.508053,1.536507,-0.018868,0.060473,0.060624,-0.002502,0.886343,0.886446,0.000104,2.56131850,1.000000
xamn5,XAM-N-5,1,2.000,7.000,5338,150,46,0.328571,9.200000,33.543961,11.052274,0.559066,1.361740,2.086381,2.741429,0.001010,21.239883,3782,2.086381,1.6687172651290894,11,0.239130,0.04470562,0.04085306,0.08617611,0.04470562,0.04470562,0.00000000,1.505773,1.532890,-0.018009,0.060631,0.060785,-0.002542,0.885344,0.885367,0.000023,2.31755363,1.000000
xamn5,XAM-N-5,2,3.000,8.000,5668,150,51,0.364286,10.200000,33.472923,10.818363,0.557882,1.330663,2.068755,2.684105,0.007378,21.526535,4116,2.068755,1.8485596179962158,16,0.313725,0.04580144,0.04212316,0.08030934,0.04580144,0.04580144,0.00000000,1.520007,1.549634,-0.019491,0.060871,0.061167,-0.004862,0.885137,0.885067,-0.000070,2.12942034,1.000000
xamn5,XAM-N-5,3,4.000,9.000,5917,150,52,0.371429,10.400000,33.118740,10.759577,0.551979,1.305259,2.043722,2.608391,0.007378,21.312946,4395,2.043722,1.8692293167114258,15,0.288462,0.04675777,0.04328071,0.07436330,0.04675777,0.04675777,0.00000000,1.515819,1.549279,-0.022074,0.061006,0.061449,-0.007260,0.883916,0.883773,-0.000143,2.00863207,1.000000
xamn5,XAM-N-5,4,5.000,10.000,6103,150,54,0.385714,10.800000,32.516960,10.993964,0.541949,1.241737,1.940936,2.480438,0.007378,20.293625,4591,1.940936,1.888352394104004,16,0.296296,0.04761390,0.04432768,0.06901821,0.04761390,0.04761345,0.00000954,1.529326,1.559786,-0.019917,0.061548,0.061951,-0.006538,0.883914,0.883792,-0.000122,1.95598441,1.000000
xamn5,XAM-N-5,5,6.000,11.000,6184,150,54,0.385714,10.800000,31.868977,11.395002,0.531150,1.215779,1.904723,2.395842,0.034223,19.110374,4687,1.904723,1.8868168592453003,17,0.314815,0.04863738,0.04563171,0.06179760,0.04863738,0.04863226,0.00010528,1.537745,1.572599,-0.022666,0.063126,0.063599,-0.007498,0.880606,0.880507,-0.000099,1.93316173,1.000000
xamn5,XAM-N-5,6,7.000,12.000,6266,150,55,0.392857,11.000000,31.042192,11.842649,0.517370,1.158553,1.818929,2.390742,0.008984,17.780745,4768,1.818929,2.0290117263793945,20,0.363636,0.04969719,0.04702263,0.05381704,0.04969719,0.04968378,0.00026971,1.554039,1.589272,-0.022672,0.065153,0.065528,-0.005748,0.877288,0.877423,0.000135,1.95010239,1.000000
xamn5,XAM-N-5,7,8.000,13.000,6330,150,54,0.385714,10.800000,30.262594,12.125369,0.504377,1.125171,1.750622,2.394889,0.008984,16.840002,4853,1.750622,2.095628261566162,17,0.314815,0.05067730,0.04825566,0.04778564,0.05067730,0.05064962,0.00054621,1.566787,1.595668,-0.018433,0.068750,0.068867,-0.001710,0.868415,0.868848,0.000433,2.03401154,1.000000
xamn5,XAM-N-5,8,9.000,14.000,6370,150,54,0.385714,10.800000,29.548784,12.225657,0.492480,1.081115,1.671285,2.330334,0.008984,15.975657,4899,1.671285,2.1129322052001953,16,0.296296,0.05147490,0.04927962,0.04264761,0.05147490,0.05142861,0.00089926,1.568887,1.594008,-0.016012,0.068982,0.068941,0.000591,0.867914,0.868436,0.000522,2.10035778,1.000000
xamn5,XAM-N-5,9,10.000,15.000,6421,150,57,0.407143,11.400000,28.807911,12.093261,0.480132,1.023546,1.567167,2.348412,0.008984,15.491299,4922,1.567167,2.33895206451416,15,0.263158,0.05219407,0.05002562,0.04154604,0.05219407,0.05212111,0.00139795,1.571871,1.593068,-0.013486,0.069634,0.069614,0.000288,0.865844,0.866284,0.000440,2.15189416,1.000000
xamn5,XAM-N-5,10,11.000,16.000,6467,150,58,0.414286,11.600000,27.983255,11.729353,0.466388,0.970578,1.480173,2.251133,0.008984,14.513181,4910,1.480173,2.33709716796875,14,0.241379,0.05215028,0.04997556,0.04170108,0.05215028,0.05205239,0.00187719,1.571516,1.589491,-0.011438,0.070323,0.070296,0.000372,0.863750,0.864162,0.000412,2.21022935,1.000000
xamn5,XAM-N-5,11,12.000,17.000,6563,150,61,0.435714,12.200000,27.176830,11.252490,0.452947,0.950480,1.421615,2.147684,0.001319,13.958143,4963,1.421615,2.4274227619171143,14,0.229508,0.05268576,0.05041907,0.04302269,0.05268576,0.05257197,0.00215974,1.563493,1.586802,-0.014908,0.068540,0.068725,-0.002701,0.867257,0.867426,0.000169,2.27059058,0.999864
xamn5,XAM-N-5,12,13.000,18.000,6764,150,58,0.414286,11.600000,26.841555,11.105844,0.447359,0.955352,1.417038,2.065491,0.001319,13.687006,5058,1.417038,2.321013927459717,13,0.224138,0.05468833,0.05229398,0.04378186,0.05468833,0.05457879,0.00200305,1.553919,1.580141,-0.016875,0.066698,0.066960,-0.003938,0.872748,0.872850,0.000102,2.20907888,0.999801
xamn5,XAM-N-5,13,14.000,19.000,7084,150,60,0.428571,12.000000,26.860441,11.128350,0.447674,0.992089,1.466951,2.027138,0.001319,13.445230,5360,1.466951,2.470273017883301,16,0.266667,0.05776410,0.05516012,0.04507960,0.05776410,0.05766398,0.00173330,1.545301,1.569218,-0.015477,0.065840,0.066102,-0.003974,0.874605,0.874744,0.000139,2.25328486,0.999747
xamn5,XAM-N-5,14,15.000,20.000,7388,150,61,0.435714,12.200000,26.954975,11.207192,0.449250,1.009597,1.488594,2.005155,0.001319,13.273575,5643,1.488594,2.5910732746124268,20,0.327869,0.06083223,0.05808579,0.04514770,0.06083223,0.06072430,0.00177419,1.524285,1.550594,-0.017260,0.064128,0.064290,-0.002533,0.877738,0.878105,0.000367,2.28246419,0.999757
xamn5,XAM-N-5,15,16.000,21.000,7717,150,63,0.450000,12.600000,27.231203,11.405861,0.453853,1.045409,1.532356,2.039285,0.001319,13.390073,5942,1.532356,2.808738946914673,25,0.396825,0.06417266,0.06128789,0.04495322,0.06417266,0.06406832,0.00162590,1.511880,1.536674,-0.016399,0.062374,0.062460,-0.001376,0.881415,0.881860,0.000444,2.21980466,0.999768
xamn5,XAM-N-5,16,17.000,22.000,7879,150,65,0.464286,13.000000,27.476748,11.544697,0.457946,1.062580,1.547517,1.989032,0.006782,13.368715,6056,1.547517,2.868936777114868,22,0.338462,0.06574439,0.06277272,0.04520044,0.06574439,0.06562465,0.00182130,1.507138,1.527100,-0.013245,0.062674,0.062624,0.000800,0.880300,0.880881,0.000581,2.24386723,0.999886
xamn5,XAM-N-5,17,18.000,23.000,8046,150,70,0.500000,14.000000,27.589371,11.651850,0.459823,1.059813,1.543667,1.958904,0.004181,13.184280,6271,1.543667,3.054292678833008,22,0.314286,0.06660808,0.06353866,0.04608171,0.06660808,0.06647247,0.00203597,1.473489,1.490792,-0.011743,0.058688,0.058599,0.001523,0.887620,0.888160,0.000541,2.22509044,0.999944
xamn5,XAM-N-5,18,19.000,24.000,8129,150,68,0.485714,13.600000,27.783594,11.746247,0.463060,1.032225,1.514538,2.022239,0.004181,13.427984,6302,1.514538,3.035520553588867,19,0.279412,0.06679557,0.06364904,0.04710694,0.06679557,0.06663337,0.00242829,1.461953,1.480426,-0.012636,0.057234,0.057082,0.002656,0.890758,0.891375,0.000616,2.15969739,1.000000
xamn5,XAM-N-5,19,20.000,25.000,8151,150,69,0.492857,13.800000,27.938381,11.669425,0.465640,1.041319,1.533998,2.051592,0.004181,13.975485,6308,1.533998,3.090752124786377,18,0.260870,0.06668034,0.06355547,0.04686334,0.06668034,0.06653482,0.00218234,1.477826,1.496711,-0.012778,0.059253,0.059117,0.002296,0.886967,0.887545,0.000578,2.10853841,1.000000
xamn5,XAM-N-5,20,21.000,26.000,8043,150,67,0.478571,13.400000,28.017317,11.554651,0.466955,1.024008,1.501238,2.072538,0.004181,14.346195,6242,1.501238,2.9832253456115723,17,0.253731,0.06546212,0.06242928,0.04632969,0.06546212,0.06531239,0.00228724,1.468075,1.488453,-0.013881,0.059168,0.059126,0.000699,0.886435,0.886915,0.000480,2.08276174,0.999944
xamn5,XAM-N-5,21,22.000,27.000,7987,150,67,0.478571,13.400000,28.240656,11.444036,0.470678,1.026027,1.500202,2.148544,0.004181,14.796298,6226,1.500202,3.035191535949707,18,0.268657,0.06510468,0.06213096,0.04567587,0.06510468,0.06494750,0.00241419,1.467654,1.487684,-0.013648,0.057898,0.057817,0.001404,0.890234,0.890802,0.000568,2.01290171,0.999944
xamn5,XAM-N-5,22,23.000,28.000,7852,150,67,0.478571,13.400000,28.638441,11.228750,0.477307,1.047905,1.521872,2.222837,0.006460,15.386639,6066,1.521872,3.045896530151367,20,0.298507,0.06409358,0.06119013,0.04530010,0.06409358,0.06391762,0.00274531,1.482981,1.502974,-0.013481,0.059779,0.059728,0.000844,0.885917,0.886442,0.000525,2.05972305,0.998804
xamn5,XAM-N-5,23,24.000,29.000,7661,150,68,0.485714,13.600000,29.015932,10.989534,0.483599,1.062408,1.542937,2.182724,0.006460,15.600163,5876,1.542937,2.9584336280822754,20,0.294118,0.06273762,0.05992135,0.04488963,0.06273762,0.06255589,0.00289664,1.504404,1.525389,-0.013949,0.062569,0.062618,-0.000780,0.880032,0.880415,0.000383,2.11159292,0.998776
xamn5,XAM-N-5,24,25.000,30.000,7577,150,66,0.471429,13.200000,29.543715,10.945355,0.492395,1.042710,1.510486,2.155137,0.006460,15.554377,5809,1.510486,2.7762064933776855,19,0.287879,0.06200679,0.05932833,0.04319627,0.06200679,0.06178533,0.00357158,1.486295,1.506361,-0.013500,0.060382,0.060430,-0.000797,0.884330,0.884665,0.000334,2.12682296,0.997698
xamn5,XAM-N-5,25,26.000,31.000,7534,150,65,0.464286,13.000000,30.220375,10.840277,0.503673,1.030555,1.521365,2.147286,0.006460,15.810087,5769,1.521365,2.6497910022735596,14,0.215385,0.06141829,0.05888037,0.04132181,0.06141829,0.06120553,0.00346406,1.472171,1.491559,-0.013170,0.057717,0.057683,0.000575,0.890368,0.890734,0.000366,2.17649862,0.997685
xamn5,XAM-N-5,26,27.000,32.000,7484,150,65,0.464286,13.000000,30.813820,10.722008,0.513564,1.011142,1.524118,2.123828,0.009518,15.930881,5755,1.524118,2.5370874404907227,14,0.215385,0.06037969,0.05801768,0.03911935,0.06037969,0.06021395,0.00274496,1.483546,1.505971,-0.015116,0.059758,0.059789,-0.000533,0.885610,0.885827,0.000218,2.24459870,0.997671
xamn5,XAM-N-5,27,28.000,33.000,7375,150,64,0.457143,12.800000,31.077417,10.710382,0.517957,0.967406,1.497320,2.099002,0.009518,15.899807,5663,1.497320,2.398815155029297,16,0.250000,0.05900971,0.05686545,0.03633737,0.05900971,0.05888866,0.00205136,1.478068,1.501884,-0.016113,0.059411,0.059449,-0.000641,0.886552,0.886781,0.000229,2.19307784,0.998789
xamn5,XAM-N-5,28,29.000,34.000,7258,150,61,0.435714,12.200000,31.277285,10.749949,0.521288,0.947947,1.488860,2.163249,0.017044,16.292145,5537,1.488860,2.2766172885894775,16,0.262295,0.05739087,0.05545615,0.03371129,0.05739087,0.05731137,0.00138538,1.479951,1.503079,-0.015628,0.059523,0.059541,-0.000293,0.886342,0.886587,0.000245,2.16173122,0.998768
xamn5,XAM-N-5,29,30.000,35.000,7122,150,63,0.450000,12.600000,31.626360,10.844258,0.527106,0.961208,1.535887,2.201900,0.017044,16.629997,5396,1.535887,2.306567907333374,14,0.222222,0.05565751,0.05384623,0.03254329,0.05565751,0.05563600,0.00038648,1.486415,1.509544,-0.015561,0.059881,0.059907,-0.000435,0.885509,0.885717,0.000208,2.19525080,0.999812
xamn5,XAM-N-5,30,31.000,36.000,6973,150,63,0.450000,12.600000,31.611090,11.134470,0.526851,0.983438,1.565325,2.375113,0.020243,17.018223,5287,1.565325,2.440347194671631,15,0.238095,0.05403320,0.05235847,0.03099447,0.05403320,0.05403320,0.00000000,1.490118,1.515712,-0.017176,0.060909,0.060997,-0.001439,0.882853,0.883048,0.000196,2.20470737,0.999872
xamn5,XAM-N-5,31,32.000,37.000,6779,150,58,0.414286,11.600000,31.621767,11.444424,0.527029,0.983700,1.578275,2.499978,0.020243,17.606436,5109,1.578275,2.324803352355957,14,0.241379,0.05251580,0.05093713,0.03006096,0.05251580,0.05251580,0.00000000,1.463789,1.489393,-0.017491,0.057782,0.057905,-0.002121,0.888731,0.888875,0.000144,2.14889880,0.999803
xamn5,XAM-N-5,32,33.000,38.000,6593,150,58,0.414286,11.600000,31.675171,11.762145,0.527920,1.019806,1.638925,2.634233,0.035376,18.413267,4968,1.638925,2.4157063961029053,12,0.206897,0.05109356,0.04955813,0.03005131,0.05109356,0.05107706,0.00032291,1.475789,1.501203,-0.017220,0.058616,0.058737,-0.002059,0.887870,0.888046,0.000176,2.14793170,0.999865
xamn5,XAM-N-5,33,34.000,39.000,6499,150,60,0.428571,12.000000,31.573456,12.135985,0.526224,1.028463,1.643818,2.717460,0.035376,19.166716,4946,1.643818,2.5680811405181885,10,0.166667,0.05041381,0.04886681,0.03068604,0.05041381,0.05034704,0.00132430,1.453380,1.480391,-0.018585,0.055864,0.055970,-0.001895,0.893255,0.893466,0.000211,2.08632306,0.998833
xamn5,XAM-N-5,34,35.000,40.000,6407,150,57,0.407143,11.400000,31.405859,12.760802,0.523431,1.036788,1.648115,2.855710,0.121801,20.172613,4884,1.648115,2.59419584274292,11,0.192982,0.04978850,0.04819626,0.03198008,0.04978850,0.04972174,0.00134093,1.436378,1.464396,-0.019506,0.053552,0.053679,-0.002378,0.898202,0.898406,0.000204,1.98883530,0.998467
xamn5,XAM-N-5,35,36.000,41.000,6344,150,59,0.421429,11.800000,31.164297,13.209985,0.519405,1.022986,1.636538,2.863029,0.002263,20.700005,4776,1.636538,2.6923959255218506,11,0.186441,0.04954965,0.04782269,0.03485320,0.04954965,0.04948289,0.00134740,1.443159,1.468022,-0.017228,0.053938,0.053967,-0.000531,0.897766,0.898099,0.000333,1.89846483,0.998452
xamn5,XAM-N-5,36,37.000,42.000,6357,150,58,0.414286,11.600000,31.036736,13.796914,0.517279,1.037016,1.661696,2.908421,0.002263,21.178040,4759,1.661696,2.7260630130767822,9,0.155172,0.04989560,0.04803253,0.03733937,0.04989560,0.04980464,0.00182298,1.462307,1.486343,-0.016437,0.056766,0.056738,0.000489,0.892235,0.892648,0.000413,1.88846364,0.998525
xamn5,XAM-N-5,37,38.000,43.000,6313,150,55,0.392857,11.000000,30.678596,14.357599,0.511310,1.034215,1.650346,2.941844,0.002263,21.012699,4666,1.650346,2.670290231704712,7,0.127273,0.04979936,0.04782045,0.03973761,0.04979936,0.04967335,0.00253036,1.453231,1.477126,-0.016443,0.055790,0.055753,0.000669,0.893237,0.893613,0.000376,1.86827344,0.998514
xamn5,XAM-N-5,38,39.000,44.000,6301,150,57,0.407143,11.400000,30.486034,15.007934,0.508101,1.071970,1.752421,2.908287,0.002263,20.888100,4561,1.752421,2.735305070877075,10,0.175439,0.04998494,0.04791887,0.04133397,0.04998494,0.04987183,0.00226293,1.449606,1.471496,-0.015101,0.055389,0.055326,0.001139,0.894181,0.894561,0.000380,1.86049635,0.999575
xamn5,XAM-N-5,39,40.000,45.000,6329,150,58,0.414286,11.600000,30.017082,15.239614,0.500285,1.067374,1.761793,2.752049,0.002263,19.440155,4577,1.761793,2.6607842445373535,7,0.120690,0.05056848,0.04830376,0.04478523,0.05056848,0.05041044,0.00312533,1.463384,1.484397,-0.014359,0.057371,0.057295,0.001331,0.890398,0.890860,0.000462,1.85897571,1.000000
xamn5,XAM-N-5,40,41.000,46.000,6331,150,56,0.400000,11.200000,29.809059,15.527222,0.496818,1.059027,1.753408,2.565936,0.002697,18.058924,4570,1.753408,2.3983821868896484,7,0.125000,0.05074273,0.04828082,0.04851737,0.05074273,0.05055042,0.00378992,1.461321,1.480464,-0.013100,0.057520,0.057456,0.001129,0.889800,0.890208,0.000408,1.86292064,1.000000
xamn5,XAM-N-5,41,42.000,47.000,6423,150,60,0.428571,12.000000,29.395819,15.640418,0.489930,1.049802,1.738627,2.418499,0.002697,16.776731,4592,1.738627,2.462100028991699,10,0.166667,0.05172223,0.04897819,0.05305331,0.05172223,0.05149611,0.00437167,1.446901,1.462514,-0.010791,0.055411,0.055261,0.002694,0.894362,0.894870,0.000508,1.80392112,0.998122
xamn5,XAM-N-5,42,43.000,48.000,6684,150,60,0.428571,12.000000,29.565529,15.759934,0.492759,1.047582,1.728175,2.233614,0.002217,16.097637,4726,1.728175,2.321688652038574,16,0.266667,0.05383876,0.05080869,0.05628046,0.05383876,0.05361744,0.00411090,1.430357,1.445238,-0.010404,0.054180,0.053929,0.004623,0.896580,0.897335,0.000755,1.77421361,0.997723
xamn5,XAM-N-5,43,44.000,49.000,6910,150,61,0.435714,12.200000,29.614002,15.760036,0.493567,1.064301,1.701763,2.203360,0.002217,15.263708,4948,1.701763,2.3973748683929443,18,0.295082,0.05584396,0.05253701,0.05921767,0.05584396,0.05560694,0.00424441,1.434082,1.450202,-0.011240,0.055509,0.055269,0.004326,0.892994,0.893828,0.000835,1.75260977,0.997733
xamn5,XAM-N-5,44,45.000,50.000,7066,150,61,0.435714,12.200000,29.700539,15.819617,0.495009,1.056479,1.681871,2.221201,0.000000,15.378379,5017,1.681871,2.460439920425415,22,0.360656,0.05722506,0.05370248,0.06155666,0.05722506,0.05696649,0.00451864,1.412915,1.431767,-0.013343,0.052950,0.052700,0.004720,0.897920,0.898827,0.000907,1.75058792,0.996771
xamn5,XAM-N-5,45,46.000,51.000,7205,150,61,0.435714,12.200000,29.780661,15.763706,0.496344,1.072816,1.710377,2.261371,0.000000,15.545158,5070,1.710377,2.5457394123077393,25,0.409836,0.05849161,0.05483767,0.06246953,0.05849161,0.05824356,0.00424083,1.418919,1.438913,-0.014091,0.053504,0.053228,0.005167,0.896954,0.897900,0.000946,1.75939393,0.996401
xamn5,XAM-N-5,46,47.000,52.000,7340,150,63,0.450000,12.600000,30.005211,15.678896,0.500087,1.091969,1.751690,2.287531,0.000000,15.651543,5155,1.751690,2.677342176437378,23,0.365079,0.05963921,0.05592625,0.06225698,0.05963921,0.05939386,0.00411388,1.420924,1.442607,-0.015260,0.052967,0.052764,0.003834,0.897960,0.898814,0.000854,1.81828245,0.997866
xamn5,XAM-N-5,47,48.000,53.000,7459,150,65,0.464286,13.000000,30.125435,15.583261,0.502091,1.108248,1.766595,2.376069,0.000000,16.063375,5323,1.766595,2.8869404792785645,17,0.261538,0.06078045,0.05701047,0.06202610,0.06078045,0.06054581,0.00386034,1.443008,1.465805,-0.015798,0.054673,0.054575,0.001809,0.895502,0.896198,0.000696,1.88247155,0.997300
xamn5,XAM-N-5,48,49.000,54.000,7527,150,65,0.464286,13.000000,30.151150,15.390571,0.502519,1.067470,1.727929,2.293742,0.000000,16.157345,5343,1.727929,2.838571548461914,12,0.184615,0.06197151,0.05824890,0.06006966,0.06197151,0.06175846,0.00343787,1.454173,1.477021,-0.015712,0.055239,0.055161,0.001413,0.894780,0.895427,0.000646,1.94302057,0.996731
xamn5,XAM-N-5,49,50.000,55.000,7650,150,66,0.471429,13.200000,30.170837,15.251485,0.502847,1.073082,1.737544,2.291503,0.000000,16.069389,5477,1.737544,2.9346141815185547,12,0.181818,0.06359197,0.06003368,0.05595503,0.06359197,0.06339483,0.00309998,1.480759,1.502860,-0.014925,0.058092,0.058008,0.001449,0.889121,0.889723,0.000602,2.02488113,0.997718
xamn5,XAM-N-5,50,51.000,56.000,7760,150,64,0.457143,12.800000,30.167305,15.117926,0.502788,1.057977,1.709512,2.348490,0.000000,16.238518,5632,1.709512,2.9735193252563477,11,0.171875,0.06504524,0.06158080,0.05326203,0.06504524,0.06484989,0.00300322,1.498270,1.521466,-0.015482,0.060148,0.060094,0.000896,0.884810,0.885378,0.000568,2.07004772,0.998097
xamn5,XAM-N-5,51,52.000,57.000,7758,150,65,0.464286,13.000000,30.045767,15.024775,0.500763,1.040511,1.662720,2.467168,0.005025,16.295792,5703,1.662720,3.174004554748535,19,0.292308,0.06553774,0.06219683,0.05097685,0.06553774,0.06536999,0.00255953,1.507753,1.530565,-0.015130,0.061497,0.061451,0.000754,0.882110,0.882658,0.000548,2.11268825,0.998270
xamn5,XAM-N-5,52,53.000,58.000,7646,150,66,0.471429,13.200000,29.784876,14.938354,0.496415,1.007489,1.628789,2.453837,0.005025,15.782005,5647,1.628789,3.2070956230163574,18,0.272727,0.06517517,0.06198816,0.04889918,0.06517517,0.06501037,0.00252850,1.521355,1.544074,-0.014933,0.062841,0.062760,0.001298,0.880207,0.880767,0.000560,2.12516631,0.999182
xamn5,XAM-N-5,53,54.000,59.000,7684,150,70,0.500000,14.000000,29.600950,14.948915,0.493349,1.040647,1.652839,2.617580,0.005025,16.077362,5710,1.652839,3.563190460205078,22,0.314286,0.06522892,0.06208901,0.04813667,0.06522892,0.06505632,0.00264608,1.524283,1.549083,-0.016270,0.061594,0.061529,0.001053,0.884031,0.884576,0.000545,2.15396866,0.999826
xamn5,XAM-N-5,54,55.000,60.000,7573,150,66,0.471429,13.200000,29.415415,14.908892,0.490257,1.041119,1.642437,2.614966,0.013077,16.092974,5620,1.642437,3.3751659393310547,20,0.303030,0.06403656,0.06094173,0.04832908,0.06403656,0.06389053,0.00228041,1.525819,1.548624,-0.014946,0.061654,0.061561,0.001517,0.883946,0.884523,0.000577,2.20424810,0.999705
xamn5,XAM-N-5,55,56.000,61.000,7564,150,67,0.478571,13.400000,29.160152,14.888969,0.486003,1.048826,1.644981,2.613458,0.013077,15.982204,5651,1.644981,3.4185776710510254,22,0.328358,0.06361761,0.06057349,0.04785023,0.06361761,0.06346874,0.00234010,1.504531,1.530007,-0.016933,0.059429,0.059357,0.001205,0.888170,0.888767,0.000596,2.26055385,0.999705
xamn5,XAM-N-5,56,57.000,62.000,7645,150,68,0.485714,13.600000,29.055336,14.799966,0.484256,1.047027,1.640416,2.474655,0.007581,16.095196,5719,1.640416,3.3194031715393066,15,0.220588,0.06381085,0.06073510,0.04820103,0.06381085,0.06364648,0.00257588,1.492464,1.517282,-0.016629,0.058382,0.058271,0.001914,0.890405,0.891052,0.000647,2.38318625,0.999181
xamn5,XAM-N-5,57,58.000,63.000,7715,150,65,0.464286,13.000000,29.152472,14.732065,0.485875,1.082353,1.671215,2.467111,0.007581,16.633471,5819,1.671215,3.1894359588623047,16,0.246154,0.06393416,0.06074625,0.04986237,0.06393416,0.06376948,0.00257576,1.479784,1.504893,-0.016968,0.057588,0.057492,0.001667,0.890735,0.891354,0.000619,2.46344547,0.999189
xamn5,XAM-N-5,58,59.000,64.000,7588,150,62,0.442857,12.400000,29.299622,14.571911,0.488327,1.066808,1.646047,2.445573,0.002868,16.672396,5731,1.646047,2.985032558441162,12,0.193548,0.06255598,0.05925878,0.05270791,0.06255598,0.06242074,0.00216187,1.476284,1.501441,-0.017041,0.057880,0.057819,0.001055,0.889402,0.889958,0.000556,2.52822913,0.999057
xamn5,XAM-N-5,59,60.000,65.000,7463,150,60,0.428571,12.000000,29.675030,14.499480,0.494584,1.073694,1.656023,2.513072,0.002868,17.059137,5620,1.656023,2.900749444961548,13,0.216667,0.06125807,0.05779716,0.05649719,0.06125807,0.06110455,0.00250621,1.464343,1.494545,-0.020625,0.056451,0.056496,-0.000798,0.892184,0.892562,0.000378,2.46738471,0.999042
xamn5,XAM-N-5,60,61.000,66.000,7233,150,60,0.428571,12.000000,30.120249,14.408896,0.502004,1.101815,1.712368,2.430154,0.002868,17.406960,5354,1.712368,2.695976734161377,10,0.166667,0.05923636,0.05564898,0.06056046,0.05923636,0.05907526,0.00271971,1.473086,1.497603,-0.016643,0.056570,0.056531,0.000690,0.893041,0.893423,0.000381,2.41484800,0.997596
xamn5,XAM-N-5,61,62.000,67.000,6751,150,60,0.428571,12.000000,30.990862,13.881288,0.516514,1.139822,1.755969,2.436974,0.002868,17.916626,4962,1.755969,2.4951155185699463,12,0.200000,0.05555425,0.05185536,0.06658165,0.05555425,0.05543514,0.00214401,1.492006,1.521221,-0.019581,0.058120,0.058177,-0.000988,0.890737,0.891001,0.000264,2.30414099,0.997972
xamn5,XAM-N-5,62,63.000,68.000,6290,150,55,0.392857,11.000000,31.771608,13.200050,0.529527,1.134072,1.773606,2.435544,0.002868,18.454254,4542,1.773606,2.062162399291992,11,0.200000,0.05097204,0.04715306,0.07492304,0.05097204,0.05088634,0.00168126,1.528393,1.559594,-0.020414,0.062072,0.062221,-0.002393,0.883330,0.883491,0.000161,2.28589741,0.997894
xamn5,XAM-N-5,63,64.000,69.000,5938,150,58,0.414286,11.600000,32.432037,12.459102,0.540534,1.122530,1.764341,2.356950,0.002920,19.054903,4271,1.764341,1.8917771577835083,14,0.241379,0.04704029,0.04307857,0.08421976,0.04704029,0.04696445,0.00161237,1.571617,1.598813,-0.017305,0.066932,0.066995,-0.000934,0.873582,0.873747,0.000165,2.24930756,0.997923
xamn5,XAM-N-5,64,65.000,70.000,5630,150,54,0.385714,10.800000,32.985043,11.574672,0.549751,1.137538,1.780194,2.270186,0.002708,19.662071,4038,1.780194,1.4800688028335571,14,0.259259,0.04399361,0.03994595,0.09200582,0.04399361,0.04396005,0.00076303,1.607925,1.634515,-0.016537,0.069994,0.070125,-0.001876,0.868636,0.868765,0.000129,2.24321595,0.997967
xamn5,XAM-N-5,65,66.000,71.000,5373,150,47,0.335714,9.400000,33.764950,10.611834,0.562749,1.131742,1.757249,2.284360,0.002708,20.351274,3868,1.757249,1.056868553161621,14,0.297872,0.04132371,0.03717335,0.10043530,0.04132371,0.04132253,0.00002859,1.634240,1.667823,-0.020549,0.072314,0.072632,-0.004407,0.864260,0.864235,-0.000025,2.32449955,0.999836
xamn5,XAM-N-5,66,67.000,72.000,5278,150,50,0.357143,10.000000,33.867100,10.583693,0.564452,1.128829,1.761579,2.229713,0.002708,19.949116,3760,1.761579,1.054145097732544,15,0.300000,0.03993543,0.03581363,0.10321168,0.03993543,0.03993543,0.00000000,1.643460,1.671608,-0.017127,0.073460,0.073724,-0.003595,0.862010,0.862020,0.000010,2.25803058,1.000000
xamn5,XAM-N-5,67,68.000,73.000,5202,150,48,0.342857,9.600000,34.261196,10.572266,0.571020,1.137841,1.758286,2.153372,0.001780,19.838814,3663,1.758286,0.8495194911956787,19,0.395833,0.03971489,0.03571772,0.10064647,0.03971489,0.03971489,0.00000000,1.619429,1.647238,-0.017172,0.070207,0.070438,-0.003293,0.869137,0.869166,0.000029,2.17176890,1.000000
xamn5,XAM-N-5,68,69.000,74.000,5082,150,46,0.328571,9.200000,34.945446,10.564098,0.582424,1.166092,1.801969,2.138785,0.001780,19.980284,3513,1.801969,0.6891323328018188,22,0.478261,0.03949754,0.03571190,0.09584496,0.03949754,0.03949754,0.00000000,1.580991,1.612412,-0.019874,0.066701,0.066953,-0.003789,0.876546,0.876609,0.000063,2.04392492,1.000000
xamn5,XAM-N-5,69,70.000,75.000,4968,150,43,0.307143,8.600000,35.617321,10.473102,0.593622,1.146894,1.786249,2.190471,0.001780,20.544077,3389,1.786249,0.5412176251411438,21,0.488372,0.03866901,0.03521359,0.08935906,0.03866901,0.03866901,0.00000000,1.556820,1.583383,-0.017062,0.066134,0.066238,-0.001566,0.875738,0.875949,0.000212,1.93610815,1.000000
xamn5,XAM-N-5,70,71.000,76.000,4867,150,44,0.314286,8.800000,36.244896,10.248655,0.604082,1.148853,1.813724,2.214245,0.001780,21.046377,3292,1.813724,0.529064416885376,21,0.477273,0.03799206,0.03490651,0.08121558,0.03799206,0.03799206,0.00000000,1.545529,1.568955,-0.015157,0.065103,0.065221,-0.001825,0.877808,0.877977,0.000169,1.80612825,1.000000
xamn5,XAM-N-5,71,72.000,77.000,4782,150,43,0.307143,8.600000,36.910702,10.055972,0.615178,1.142225,1.806381,2.349383,0.001780,22.644512,3220,1.806381,0.5526129007339478,18,0.418605,0.03715622,0.03443245,0.07330571,0.03715622,0.03715622,0.00000000,1.547812,1.577266,-0.019030,0.065134,0.065371,-0.003635,0.876957,0.877023,0.000066,1.77829484,1.000000
xamn5,XAM-N-5,72,73.000,78.000,4733,150,44,0.314286,8.800000,37.485725,9.836461,0.624762,1.109463,1.791549,2.461085,0.019267,23.823357,3192,1.791549,0.6459660530090332,14,0.318182,0.03657576,0.03417218,0.06571513,0.03657576,0.03657576,0.00000000,1.540314,1.572775,-0.021074,0.063329,0.063599,-0.004260,0.880255,0.880253,-0.000002,1.78818575,1.000000
xamn5,XAM-N-5,73,74.000,79.000,4765,150,48,0.342857,9.600000,37.879261,9.583541,0.631321,1.101410,1.792027,2.501662,0.019267,24.367842,3225,1.792027,0.8197199702262878,10,0.208333,0.03669510,0.03445051,0.06116864,0.03669510,0.03669510,0.00000000,1.558144,1.591845,-0.021629,0.064906,0.065259,-0.005438,0.877212,0.877115,-0.000097,1.89824102,1.000000
xamn5,XAM-N-5,74,75.000,80.000,4825,150,47,0.335714,9.400000,38.172428,9.389343,0.636207,1.097751,1.789440,2.454096,0.005269,24.178827,3279,1.789440,0.7240800857543945,9,0.191489,0.03726163,0.03501614,0.06026289,0.03726163,0.03726163,0.00000000,1.613585,1.648882,-0.021875,0.068913,0.069317,-0.005859,0.871395,0.871203,-0.000193,2.04617443,1.000000
xamn5,XAM-N-5,75,76.000,81.000,4929,150,50,0.357143,10.000000,38.142899,9.295003,0.635715,1.058616,1.717666,2.420053,0.005269,23.861446,3383,1.717666,0.8330543637275696,9,0.180000,0.03796698,0.03574170,0.05861085,0.03796698,0.03796698,0.00000000,1.643560,1.676914,-0.020293,0.071585,0.071975,-0.005460,0.867003,0.866784,-0.000219,2.22421832,1.000000
xamn5,XAM-N-5,76,77.000,82.000,5107,150,51,0.364286,10.200000,38.187286,9.109485,0.636455,1.057668,1.718147,2.356061,0.005269,23.582010,3561,1.718147,0.8484917283058167,10,0.196078,0.03933305,0.03709226,0.05696977,0.03933305,0.03933305,0.00000000,1.658584,1.692919,-0.020702,0.074839,0.075231,-0.005239,0.860021,0.859823,-0.000199,2.40144274,1.000000
xamn5,XAM-N-5,77,78.000,83.000,5268,150,49,0.350000,9.800000,37.922054,8.926957,0.632034,1.070391,1.722267,2.291146,0.005269,22.947792,3722,1.722267,0.766828715801239,10,0.204082,0.04059016,0.03839592,0.05405843,0.04059016,0.04059016,0.00000000,1.673823,1.703390,-0.017664,0.077432,0.077774,-0.004418,0.856043,0.855890,-0.000153,2.55344081,1.000000
xamn5,XAM-N-5,78,79.000,84.000,5380,150,50,0.357143,10.000000,37.812119,8.728399,0.630202,1.081712,1.735140,2.191213,0.005269,22.170475,3863,1.735140,0.7377992272377014,9,0.180000,0.04148372,0.03935666,0.05127466,0.04148372,0.04148372,0.00000000,1.684240,1.709309,-0.014885,0.077827,0.078137,-0.003977,0.856036,0.855873,-0.000163,2.68439672,1.000000
xamn5,XAM-N-5,79,80.000,85.000,5532,150,49,0.350000,9.800000,37.588074,8.655464,0.626468,1.106072,1.795649,2.204163,0.213132,22.047232,4032,1.795649,0.7751379609107971,10,0.204082,0.04265544,0.04057613,0.04874678,0.04265544,0.04265403,0.00003307,1.637197,1.662893,-0.015695,0.074168,0.074536,-0.004961,0.862313,0.862114,-0.000199,3.13984301,1.000000
xamn5,XAM-N-5,80,81.000,86.000,5687,150,50,0.357143,10.000000,37.678009,8.621321,0.627967,1.125812,1.824862,2.250735,0.008110,22.531029,4180,1.824862,0.9098575711250305,11,0.220000,0.04403488,0.04185668,0.04946524,0.04403488,0.04403346,0.00003204,1.606675,1.631487,-0.015443,0.072595,0.072886,-0.004009,0.863628,0.863523,-0.000105,2.82474872,1.000000
xamn5,XAM-N-5,81,82.000,87.000,5766,150,51,0.364286,10.200000,37.535454,8.707930,0.625591,1.119700,1.810372,2.262790,0.008110,22.367527,4259,1.810372,1.005995512008667,9,0.176471,0.04488106,0.04260604,0.05069004,0.04488106,0.04487965,0.00003143,1.578639,1.595521,-0.010694,0.069152,0.069326,-0.002516,0.870118,0.870086,-0.000033,2.60334933,1.000000
xamn5,XAM-N-5,82,83.000,88.000,5765,150,51,0.364286,10.200000,37.493805,8.854695,0.624897,1.105674,1.788045,2.275298,0.008110,22.269733,4258,1.788045,1.0310921669006348,9,0.176471,0.04508898,0.04270089,0.05296396,0.04508898,0.04508757,0.00003129,1.566609,1.583649,-0.010877,0.067844,0.068054,-0.003084,0.871250,0.871198,-0.000053,2.37121441,1.000000
xamn5,XAM-N-5,83,84.000,89.000,5746,150,51,0.364286,10.200000,37.321445,8.911480,0.622024,1.065016,1.732380,2.308227,0.004525,22.308620,4232,1.732380,1.0816141366958618,11,0.215686,0.04507642,0.04267406,0.05329525,0.04507642,0.04507501,0.00003130,1.535141,1.551546,-0.010686,0.065338,0.065526,-0.002878,0.874618,0.874603,-0.000015,2.25529069,1.000000
xamn5,XAM-N-5,84,85.000,90.000,5716,150,53,0.378571,10.600000,37.322849,8.869152,0.622047,1.030967,1.641378,2.282103,0.004525,22.192961,4202,1.641378,1.1248221397399902,10,0.188679,0.04490330,0.04251763,0.05312917,0.04490330,0.04490330,0.00000000,1.540475,1.554169,-0.008889,0.067102,0.067159,-0.000846,0.869582,0.869710,0.000127,2.28303451,1.000000
xamn5,XAM-N-5,85,86.000,91.000,5680,150,53,0.378571,10.600000,37.155926,8.826099,0.619265,1.023657,1.632520,2.254415,0.004525,21.848078,4173,1.632520,1.0989749431610107,12,0.226415,0.04465700,0.04235099,0.05163810,0.04465700,0.04465700,0.00000000,1.546185,1.558408,-0.007905,0.067433,0.067452,-0.000268,0.869535,0.869725,0.000190,2.35248425,1.000000
xamn5,XAM-N-5,86,87.000,92.000,5612,150,51,0.364286,10.200000,37.108971,8.803542,0.618483,1.039063,1.664772,2.257584,0.004525,21.999964,4078,1.664772,1.0089929103851318,17,0.333333,0.04415244,0.04201225,0.04847257,0.04415244,0.04415244,0.00000000,1.552315,1.565748,-0.008653,0.067905,0.067938,-0.000492,0.869256,0.869450,0.000193,2.34374150,1.000000
xamn5,XAM-N-5,87,88.000,93.000,5584,150,51,0.364286,10.200000,37.012238,8.788602,0.616871,1.105009,1.796214,2.182890,0.004525,21.356960,4050,1.796214,0.9270265698432922,18,0.352941,0.04395729,0.04198475,0.04487413,0.04395729,0.04395729,0.00000000,1.546229,1.558296,-0.007804,0.067042,0.067006,0.000528,0.871687,0.871932,0.000245,2.44341201,1.000000
xamn5,XAM-N-5,88,89.000,94.000,5554,150,51,0.364286,10.200000,37.079189,8.905944,0.617986,1.156651,1.870957,2.153681,0.008118,21.237091,4027,1.870957,0.8778109550476074,14,0.274510,0.04365582,0.04181177,0.04224059,0.04365582,0.04365582,0.00000000,1.540878,1.553909,-0.008457,0.066738,0.066704,0.000513,0.872506,0.872767,0.000261,2.59627134,1.000000
xamn5,XAM-N-5,89,90.000,95.000,5573,150,51,0.364286,10.200000,37.223438,9.255367,0.620391,1.208080,1.962653,2.120538,0.008118,20.913437,4046,1.962653,0.8455071449279785,16,0.313725,0.04410138,0.04234814,0.03975470,0.04410138,0.04410138,0.00000000,1.542313,1.554427,-0.007855,0.066275,0.066229,0.000695,0.874584,0.874817,0.000233,2.73117848,1.000000
xamn5,XAM-N-5,90,91.000,96.000,5478,150,51,0.364286,10.200000,37.379021,9.573772,0.622984,1.218609,1.978244,2.063401,0.008118,20.258503,3924,1.978244,0.7577921152114868,13,0.254902,0.04379766,0.04218506,0.03681926,0.04379766,0.04379766,0.00000000,1.542676,1.554069,-0.007385,0.066200,0.066158,0.000640,0.874110,0.874320,0.000210,2.82260243,1.000000
xamn5,XAM-N-5,91,92.000,97.000,5465,150,51,0.364286,10.200000,37.650623,9.967230,0.627510,1.216578,1.982622,1.980363,0.000000,19.533566,3908,1.982622,0.6488791704177856,9,0.176471,0.04395827,0.04242494,0.03488159,0.04395827,0.04395827,0.00000000,1.527576,1.544630,-0.011164,0.063788,0.063804,-0.000256,0.878785,0.878939,0.000154,2.81943839,1.000000
xamn5,XAM-N-5,92,93.000,98.000,5526,150,50,0.357143,10.000000,38.310101,10.442738,0.638502,1.201303,1.969258,2.035866,0.000000,20.503841,3961,1.969258,0.6459022760391235,8,0.160000,0.04477023,0.04325597,0.03382291,0.04477023,0.04477023,0.00000000,1.524322,1.544606,-0.013307,0.064505,0.064550,-0.000710,0.876471,0.876632,0.000162,2.74972574,1.000000
xamn5,XAM-N-5,93,94.000,99.000,5459,150,50,0.357143,10.000000,38.539417,10.870667,0.642324,1.221233,2.002585,2.039718,0.000000,20.650723,3924,2.002585,0.6344209909439087,8,0.160000,0.04486438,0.04338411,0.03299439,0.04486438,0.04486438,0.00000000,1.531363,1.553662,-0.014561,0.064976,0.065008,-0.000497,0.876317,0.876501,0.000184,2.74398282,1.000000
xamn5,XAM-N-5,94,95.000,100.000,5229,150,48,0.342857,9.600000,38.399319,11.082660,0.639989,1.242461,2.080130,2.029341,0.000000,20.474920,3724,2.080130,0.49972617626190186,7,0.145833,0.04335092,0.04197664,0.03170107,0.04335092,0.04335092,0.00000000,1.519652,1.541950,-0.014673,0.064044,0.064097,-0.000834,0.877775,0.877948,0.000173,2.81518993,1.000000
xamn5,XAM-N-5,95,96.000,101.000,5029,150,45,0.321429,9.000000,38.152424,11.300367,0.635874,1.285132,2.134642,2.033290,0.000000,20.363867,3581,2.134642,0.36573338508605957,10,0.222222,0.04224589,0.04082918,0.03353475,0.04224589,0.04224589,0.00000000,1.508017,1.531091,-0.015301,0.062339,0.062381,-0.000668,0.881567,0.881770,0.000203,2.84305576,1.000000
xamn5,XAM-N-5,96,97.000,102.000,4891,150,48,0.342857,9.600000,38.254627,11.675196,0.637577,1.289086,2.131165,2.115301,0.127682,21.187992,3474,2.131165,0.5335565805435181,10,0.208333,0.04137003,0.03992269,0.03498522,0.04137003,0.04137003,0.00000000,1.535327,1.555600,-0.013204,0.066606,0.066597,0.000130,0.872887,0.873146,0.000260,2.96372681,1.000000
xamn5,XAM-N-5,97,98.000,103.000,4707,150,47,0.335714,9.400000,37.870487,11.834578,0.631175,1.274268,2.076710,2.236586,0.002422,21.887299,3296,2.076710,0.577264130115509,11,0.234043,0.03911870,0.03768161,0.03673667,0.03911870,0.03911870,0.00000000,1.566486,1.583785,-0.011043,0.068281,0.068269,0.000162,0.871145,0.871349,0.000203,2.49504342,1.000000
xamn5,XAM-N-5,98,99.000,104.000,4689,150,46,0.328571,9.200000,37.830273,12.018592,0.630505,1.281030,2.087645,2.418235,0.002422,23.529167,3248,2.087645,0.697728157043457,12,0.260870,0.03790810,0.03642460,0.03913412,0.03790810,0.03790810,0.00000000,1.587408,1.603568,-0.010180,0.069116,0.069185,-0.000999,0.870436,0.870592,0.000155,2.43300995,1.000000
xamn5,XAM-N-5,99,100.000,105.000,4744,150,44,0.314286,8.800000,38.045776,12.326833,0.634096,1.228059,1.960117,2.587330,0.002422,25.166979,3273,1.960117,0.763008713722229,13,0.295455,0.03722304,0.03565332,0.04217056,0.03722304,0.03722304,0.00000000,1.615145,1.634855,-0.012203,0.071026,0.071137,-0.001558,0.867415,0.867514,0.000099,2.39944521,1.000000
xamn5,XAM-N-5,100,101.000,106.000,4842,150,47,0.335714,9.400000,38.624722,12.561868,0.643745,1.255436,2.035382,2.657066,0.002422,26.104542,3341,2.035382,0.886750340461731,10,0.212766,0.03660427,0.03497895,0.04440231,0.03660427,0.03660427,0.00000000,1.626942,1.649632,-0.013947,0.072458,0.072630,-0.002376,0.864988,0.865038,0.000050,2.42898661,1.000000
xamn5,XAM-N-5,101,102.000,107.000,4885,150,49,0.350000,9.800000,38.685192,12.782202,0.644753,1.307965,2.128325,2.703036,0.002422,26.483480,3388,2.128325,0.9859973192214966,10,0.204082,0.03592278,0.03417973,0.04852210,0.03592278,0.03592278,0.00000000,1.621961,1.645867,-0.014739,0.069770,0.069996,-0.003228,0.871469,0.871513,0.000044,2.41989555,1.000000
xamn5,XAM-N-5,102,103.000,108.000,4914,150,48,0.342857,9.600000,38.548332,13.131178,0.642472,1.320606,2.183554,2.591175,0.151075,25.095390,3419,2.183554,0.8428530693054199,13,0.270833,0.03615825,0.03423732,0.05312565,0.03615825,0.03615825,0.00000000,1.597340,1.621927,-0.015392,0.066814,0.067036,-0.003330,0.877011,0.877099,0.000088,2.39698855,1.000000
xamn5,XAM-N-5,103,104.000,109.000,5022,150,52,0.371429,10.400000,38.412922,13.426932,0.640215,1.301832,2.140582,2.428288,0.151075,23.126245,3527,2.140582,0.862289547920227,15,0.288462,0.03700104,0.03491423,0.05639872,0.03700104,0.03700104,0.00000000,1.580276,1.606903,-0.016850,0.066406,0.066595,-0.002846,0.876635,0.876731,0.000096,2.24639380,1.000000
xamn5,XAM-N-5,104,105.000,110.000,5139,150,50,0.357143,10.000000,38.254505,13.723928,0.637575,1.347665,2.199858,2.320763,0.165814,21.316187,3644,2.199858,0.7113810181617737,16,0.320000,0.03790788,0.03566448,0.05918030,0.03790788,0.03790788,0.00000000,1.562633,1.585215,-0.014452,0.064045,0.064182,-0.002149,0.881935,0.882092,0.000157,2.14172225,1.000000
xamn5,XAM-N-5,105,106.000,111.000,5418,150,52,0.371429,10.400000,37.760857,14.041214,0.629348,1.373044,2.249209,2.215334,0.200385,19.824812,3923,2.249209,0.7936307191848755,18,0.346154,0.04003385,0.03768358,0.05870707,0.04003385,0.04003385,0.00000000,1.545721,1.569177,-0.015175,0.061998,0.062107,-0.001755,0.885503,0.885660,0.000157,2.03101076,1.000000
xamn5,XAM-N-5,106,107.000,112.000,5659,150,52,0.371429,10.400000,37.210323,14.282022,0.620172,1.372465,2.249550,2.181935,0.007615,18.382591,4150,2.249550,0.8725967407226562,20,0.384615,0.04191079,0.03947090,0.05821629,0.04191079,0.04191079,0.00000000,1.544448,1.566058,-0.013992,0.062950,0.063012,-0.000984,0.882527,0.882713,0.000186,2.00238647,1.000000
xamn5,XAM-N-5,107,108.000,113.000,5951,150,52,0.371429,10.400000,36.801117,14.546083,0.613352,1.376809,2.212316,2.302969,0.007615,18.773693,4412,2.212316,1.129584550857544,17,0.326923,0.04428892,0.04177308,0.05680511,0.04428892,0.04428892,0.00000000,1.548295,1.569853,-0.013923,0.064325,0.064323,0.000025,0.880061,0.880330,0.000269,1.96756827,1.000000
xamn5,XAM-N-5,108,109.000,114.000,6100,150,54,0.385714,10.800000,36.212292,14.807753,0.603538,1.388525,2.234430,2.429296,0.004041,19.045006,4515,2.234430,1.449407935142517,19,0.351852,0.04567736,0.04317075,0.05487657,0.04567736,0.04567736,0.00000000,1.562846,1.582709,-0.012710,0.065552,0.065480,0.001101,0.878146,0.878514,0.000368,1.96682175,1.000000
xamn5,XAM-N-5,109,110.000,115.000,6174,150,54,0.385714,10.800000,35.428013,15.046427,0.590467,1.359862,2.172754,2.436265,0.004041,18.824816,4580,2.172754,1.5535483360290527,19,0.351852,0.04649957,0.04407030,0.05224288,0.04649957,0.04649957,0.00000000,1.561505,1.581444,-0.012769,0.065321,0.065256,0.000998,0.878721,0.879097,0.000376,1.98165025,1.000000
xamn5,XAM-N-5,110,111.000,116.000,6189,150,56,0.400000,11.200000,34.559555,15.214677,0.575993,1.330386,2.099699,2.564292,0.004041,19.056826,4595,2.099699,1.861100196838379,16,0.285714,0.04687567,0.04456638,0.04926407,0.04687567,0.04687567,0.00000000,1.572093,1.592462,-0.012957,0.065644,0.065622,0.000336,0.878707,0.879065,0.000359,1.95664368,1.000000
xamn5,XAM-N-5,111,112.000,117.000,6308,150,59,0.421429,11.800000,33.729198,15.231187,0.562153,1.290834,2.032010,2.514436,0.002389,18.351202,4690,2.032010,2.033493995666504,22,0.372881,0.04794992,0.04573864,0.04611641,0.04794992,0.04794992,0.00000000,1.568615,1.595715,-0.017276,0.065828,0.065958,-0.001982,0.878051,0.878314,0.000263,1.89548814,1.000000
xamn5,XAM-N-5,112,113.000,118.000,6385,150,58,0.414286,11.600000,33.077271,15.315041,0.551288,1.303242,2.044553,2.419999,0.002389,17.207458,4703,2.044553,1.9721652269363403,22,0.379310,0.04870323,0.04662344,0.04270332,0.04870323,0.04870323,0.00000000,1.561586,1.588025,-0.016931,0.065002,0.065205,-0.003126,0.878812,0.878971,0.000160,1.90064583,1.000000
xamn5,XAM-N-5,113,114.000,119.000,6444,150,54,0.385714,10.800000,32.616379,15.443186,0.543606,1.287990,2.041963,2.376383,0.002182,16.743151,4708,2.041963,1.821315050125122,20,0.370370,0.04913858,0.04719127,0.03962884,0.04913858,0.04913858,0.00000000,1.534166,1.563165,-0.018902,0.062924,0.063226,-0.004802,0.881866,0.881983,0.000117,1.88722252,1.000000
xamn5,XAM-N-5,114,115.000,120.000,6559,150,56,0.400000,11.200000,32.301262,15.522261,0.538354,1.276929,2.083820,2.470782,0.002182,17.488310,4772,2.083820,2.0657224655151367,20,0.357143,0.05006884,0.04819064,0.03751240,0.05006884,0.05006884,0.00000000,1.521805,1.552998,-0.020498,0.062595,0.062853,-0.004129,0.880976,0.881168,0.000192,1.84497536,1.000000
xamn5,XAM-N-5,115,116.000,121.000,6548,150,56,0.400000,11.200000,32.191639,15.713596,0.536527,1.211165,1.990345,2.505985,0.002182,17.698889,4739,1.990345,2.1123058795928955,24,0.428571,0.05002424,0.04823020,0.03586342,0.05002424,0.05002424,0.00000000,1.508642,1.539418,-0.020400,0.062569,0.062807,-0.003802,0.879955,0.880215,0.000260,1.81471958,1.000000
xamn5,XAM-N-5,116,117.000,122.000,6421,150,59,0.421429,11.800000,32.289688,15.926230,0.538161,1.185245,1.942413,2.621002,0.002182,18.617405,4645,1.942413,2.3192996978759766,17,0.288136,0.04920798,0.04753173,0.03406459,0.04920798,0.04920798,0.00000000,1.485957,1.510957,-0.016824,0.059786,0.059901,-0.001935,0.885680,0.886010,0.000330,1.83159365,1.000000
xamn5,XAM-N-5,117,118.000,123.000,6346,150,60,0.428571,12.000000,32.467934,15.944839,0.541132,1.117424,1.835951,2.696156,0.002182,19.534756,4662,1.835951,2.4028797149658203,19,0.316667,0.04855891,0.04698502,0.03241186,0.04855891,0.04855891,0.00000000,1.487416,1.515710,-0.019023,0.060327,0.060425,-0.001622,0.884647,0.885094,0.000447,1.83342854,1.000000
xamn5,XAM-N-5,118,119.000,124.000,6286,150,59,0.421429,11.800000,32.667099,15.647618,0.544452,1.057245,1.709706,2.698961,0.004472,19.792685,4688,1.709706,2.336434841156006,19,0.322034,0.04819592,0.04669190,0.03120634,0.04819592,0.04819592,0.00000000,1.484084,1.508509,-0.016458,0.059418,0.059415,0.000053,0.886443,0.886886,0.000443,1.83816151,1.000000
xamn5,XAM-N-5,119,120.000,125.000,6206,150,55,0.392857,11.000000,33.085926,15.330832,0.551432,1.021673,1.589576,2.662344,0.004472,19.450163,4638,1.589576,2.076411008834839,19,0.345455,0.04747263,0.04603851,0.03020934,0.04747263,0.04747263,0.00000000,1.500720,1.525356,-0.016416,0.060451,0.060515,-0.001062,0.884969,0.885319,0.000349,1.87191214,1.000000
xamn5,XAM-N-5,120,121.000,126.000,6221,150,56,0.400000,11.200000,33.257584,14.960386,0.554293,1.023522,1.571558,2.603433,0.004472,19.189268,4610,1.571558,2.042501211166382,21,0.375000,0.04764718,0.04615884,0.03123659,0.04764718,0.04764718,0.00000000,1.515959,1.538142,-0.014633,0.062636,0.062616,0.000315,0.881124,0.881575,0.000451,1.84973719,1.000000
xamn5,XAM-N-5,121,122.000,127.000,6266,150,53,0.378571,10.600000,33.439583,14.572403,0.557326,1.030019,1.574023,2.521455,0.004472,18.875269,4602,1.574023,1.8258945941925049,26,0.490566,0.04785175,0.04627957,0.03285523,0.04785175,0.04785175,0.00000000,1.512617,1.534201,-0.014269,0.061759,0.061704,0.000891,0.882775,0.883294,0.000518,1.78708772,1.000000
xamn5,XAM-N-5,122,123.000,128.000,6298,150,55,0.392857,11.000000,33.630043,14.211858,0.560501,1.059433,1.639087,2.487840,0.004472,18.829514,4583,1.639087,1.8862240314483643,24,0.436364,0.04879096,0.04709882,0.03468153,0.04879096,0.04879096,0.00000000,1.524148,1.544350,-0.013255,0.062882,0.062842,0.000637,0.880576,0.881072,0.000496,1.69736244,1.000000
xamn5,XAM-N-5,123,124.000,129.000,6275,150,51,0.364286,10.200000,33.859764,14.218218,0.564329,1.101093,1.714160,2.487648,0.015188,18.847679,4543,1.714160,1.725661277770996,25,0.490196,0.04922924,0.04743324,0.03648234,0.04922924,0.04922924,0.00000000,1.553161,1.574552,-0.013773,0.065994,0.065989,0.000082,0.875135,0.875696,0.000561,1.63786214,1.000000
xamn5,XAM-N-5,124,125.000,130.000,6390,150,58,0.414286,11.600000,33.855873,14.405193,0.564265,1.159732,1.876950,2.499692,0.001585,18.968016,4656,1.876950,2.0704736709594727,25,0.431034,0.05072877,0.04883313,0.03736826,0.05072877,0.05072877,0.00000000,1.565434,1.584706,-0.012311,0.067044,0.066941,0.001532,0.874250,0.874919,0.000668,1.56847796,1.000000
xamn5,XAM-N-5,125,126.000,131.000,6342,150,54,0.385714,10.800000,33.846668,14.518252,0.564111,1.169172,1.900223,2.500468,0.001585,18.919861,4632,1.900223,1.920224666595459,23,0.425926,0.05087619,0.04898607,0.03715128,0.05087619,0.05087619,0.00000000,1.565211,1.587913,-0.014504,0.065982,0.065922,0.000900,0.876317,0.876962,0.000646,1.55244034,1.000000
xamn5,XAM-N-5,126,127.000,132.000,6317,150,57,0.407143,11.400000,33.514137,14.590789,0.558569,1.152208,1.878557,2.508052,0.001585,19.024794,4636,1.878557,2.091165065765381,22,0.385965,0.05132238,0.04945032,0.03647666,0.05132238,0.05132238,0.00000000,1.596736,1.618861,-0.013856,0.069743,0.069664,0.001133,0.869138,0.869801,0.000663,1.55678283,1.000000
xamn5,XAM-N-5,127,128.000,133.000,6222,150,58,0.414286,11.600000,33.034790,14.569829,0.550580,1.141458,1.869902,2.483971,0.001585,18.827415,4594,1.869902,2.110830783843994,23,0.396552,0.05042894,0.04858525,0.03656007,0.05042894,0.05042894,0.00000000,1.591560,1.610350,-0.011806,0.069319,0.069173,0.002110,0.869346,0.870167,0.000821,1.58535825,1.000000
xamn5,XAM-N-5,128,129.000,134.000,6198,150,56,0.400000,11.200000,32.691826,14.323609,0.544864,1.151244,1.867722,2.389240,0.001585,18.455944,4601,1.867722,1.9420833587646484,24,0.428571,0.05005754,0.04822227,0.03666312,0.05005754,0.05005754,0.00000000,1.574012,1.597856,-0.015148,0.066847,0.066745,0.001525,0.874393,0.875179,0.000786,1.60923752,1.000000
xamn5,XAM-N-5,129,130.000,135.000,6120,150,57,0.407143,11.400000,32.520069,13.807525,0.542001,1.107546,1.714982,2.240510,0.005304,17.918053,4555,1.714982,1.8049125671386719,24,0.421053,0.04935815,0.04755920,0.03644682,0.04935815,0.04935815,0.00000000,1.564597,1.592316,-0.017717,0.066362,0.066358,0.000053,0.874530,0.875193,0.000663,1.64994892,1.000000
xamn5,XAM-N-5,130,131.000,136.000,6213,150,57,0.407143,11.400000,32.745399,13.266328,0.545757,1.080229,1.679272,2.141856,0.005304,17.957127,4689,1.679272,1.699902892112732,25,0.438596,0.04998521,0.04807722,0.03817115,0.04998521,0.04998521,0.00000000,1.580655,1.606075,-0.016082,0.067631,0.067604,0.000405,0.873183,0.873791,0.000607,1.71937031,1.000000
xamn5,XAM-N-5,131,132.000,137.000,6174,150,53,0.378571,10.600000,33.229206,12.840008,0.553820,1.092486,1.685511,2.104886,0.152684,17.855925,4674,1.685511,1.4299304485321045,21,0.396226,0.04915159,0.04714065,0.04091304,0.04915159,0.04915159,0.00000000,1.597298,1.624316,-0.016915,0.068421,0.068431,-0.000139,0.871815,0.872408,0.000593,1.76918621,1.000000
xamn5,XAM-N-5,132,133.000,138.000,6246,150,55,0.392857,11.000000,33.806946,12.445465,0.563449,1.075783,1.643196,2.095813,0.152684,17.996988,4746,1.643196,1.4471710920333862,22,0.400000,0.04907425,0.04699267,0.04241683,0.04907425,0.04907425,0.00000000,1.594908,1.627208,-0.020251,0.068132,0.068211,-0.001155,0.873007,0.873376,0.000369,1.79147971,1.000000
xamn5,XAM-N-5,133,134.000,139.000,6378,150,58,0.414286,11.600000,34.131683,12.193445,0.568861,1.012182,1.575276,2.172670,0.152684,18.541397,4878,1.575276,1.6404401063919067,19,0.327586,0.04953898,0.04735197,0.04414726,0.04953898,0.04953898,0.00000000,1.593181,1.624475,-0.019642,0.069065,0.069103,-0.000558,0.870108,0.870481,0.000373,1.81121549,1.000000
xamn5,XAM-N-5,134,135.000,140.000,6500,150,59,0.421429,11.800000,34.281326,12.054242,0.571355,1.015700,1.657598,2.312409,0.152684,19.320934,4973,1.657598,1.8369389772415161,16,0.271186,0.04993595,0.04753292,0.04812225,0.04993595,0.04993595,0.00000000,1.573873,1.602750,-0.018348,0.067357,0.067375,-0.000263,0.872608,0.873000,0.000392,1.81820937,1.000000
xamn5,XAM-N-5,135,136.000,141.000,6488,150,59,0.421429,11.800000,34.124508,12.107373,0.568742,1.019300,1.661374,2.420153,0.004254,19.649527,4932,1.661374,1.9452896118164062,12,0.203390,0.04928249,0.04678175,0.05074299,0.04928249,0.04928249,0.00000000,1.540603,1.569659,-0.018860,0.064731,0.064789,-0.000901,0.876725,0.877066,0.000341,1.81125312,1.000000
xamn5,XAM-N-5,136,137.000,142.000,6610,150,58,0.414286,11.600000,33.788860,12.011143,0.563148,1.011005,1.648934,2.452588,0.004254,20.133417,5001,1.648934,2.001056671142578,17,0.293103,0.05011528,0.04750462,0.05209321,0.05011528,0.05011528,0.00000000,1.500301,1.530048,-0.019828,0.061615,0.061706,-0.001480,0.882334,0.882560,0.000226,1.81479768,1.000000
xamn5,XAM-N-5,137,138.000,143.000,6644,150,59,0.421429,11.800000,33.439869,12.017157,0.557331,1.001034,1.638256,2.428605,0.002000,19.982008,5022,1.638256,2.0573174953460693,16,0.271186,0.05049755,0.04761626,0.05705812,0.05049755,0.05049755,0.00000000,1.475728,1.504705,-0.019636,0.059062,0.059175,-0.001905,0.886859,0.887047,0.000188,1.82202791,0.999933
xamn5,XAM-N-5,138,139.000,144.000,6712,150,61,0.435714,12.200000,33.077465,12.027953,0.551291,1.015173,1.640645,2.424950,0.002000,19.815962,5037,1.640645,2.180847406387329,17,0.278689,0.05099461,0.04783197,0.06201910,0.05099461,0.05099461,0.00000000,1.468759,1.496447,-0.018851,0.057691,0.057815,-0.002152,0.889775,0.889944,0.000169,1.81984367,0.999933
xamn5,XAM-N-5,139,140.000,145.000,6746,150,63,0.450000,12.600000,32.834984,12.153957,0.547250,1.003992,1.552293,2.368294,0.002000,19.417643,5084,1.552293,2.2305028438568115,18,0.285714,0.05135622,0.04797465,0.06584538,0.05135622,0.05135622,0.00000000,1.475147,1.509265,-0.023128,0.057914,0.058121,-0.003569,0.889772,0.889886,0.000114,1.83023838,0.999868
xamn5,XAM-N-5,140,141.000,146.000,6898,150,63,0.450000,12.600000,32.639225,12.186683,0.543987,1.004204,1.545640,2.334227,0.002000,19.317122,5265,1.545640,2.251607656478882,20,0.317460,0.05249793,0.04886697,0.06916389,0.05249793,0.05249793,0.00000000,1.495681,1.529945,-0.022909,0.058172,0.058425,-0.004339,0.890462,0.890540,0.000078,1.84828324,0.999870
xamn5,XAM-N-5,141,142.000,147.000,7031,150,64,0.457143,12.800000,32.398388,12.306436,0.539973,1.006402,1.560505,2.333646,0.002000,18.998789,5443,1.560505,2.349299669265747,16,0.250000,0.05354089,0.04974359,0.07092329,0.05354089,0.05354089,0.00000000,1.518848,1.552873,-0.022402,0.060224,0.060463,-0.003964,0.887438,0.887581,0.000142,1.83097463,0.999873
xamn5,XAM-N-5,142,143.000,148.000,7117,150,62,0.442857,12.400000,32.095860,12.259977,0.534931,1.015653,1.590110,2.371692,0.004773,18.940815,5513,1.590110,2.3569741249084473,16,0.258065,0.05404571,0.05035577,0.06827456,0.05404571,0.05404571,0.00000000,1.546546,1.579763,-0.021478,0.063086,0.063323,-0.003751,0.882600,0.882818,0.000218,1.82065912,0.999937
xamn5,XAM-N-5,143,144.000,149.000,7165,150,65,0.464286,13.000000,31.777367,12.248928,0.529623,1.010800,1.572677,2.378196,0.004773,18.993980,5580,1.572677,2.5224757194519043,15,0.230769,0.05440952,0.05081132,0.06613175,0.05440952,0.05440952,0.00000000,1.558343,1.590770,-0.020809,0.064617,0.064881,-0.004083,0.879357,0.879515,0.000158,1.84949344,0.998566
xamn5,XAM-N-5,144,145.000,150.000,7127,150,59,0.421429,11.800000,31.496939,12.110067,0.524949,1.007484,1.573032,2.366840,0.004773,18.845881,5548,1.573032,2.310965061187744,15,0.254237,0.05477482,0.05133478,0.06280326,0.05477482,0.05477482,0.00000000,1.574711,1.601679,-0.017125,0.066635,0.066847,-0.003182,0.875080,0.875281,0.000202,1.87489776,0.997709
xamn5,XAM-N-5,145,146.000,151.000,6969,150,63,0.450000,12.600000,31.075075,11.780403,0.517918,1.014829,1.558489,2.256642,0.004773,17.753088,5390,1.558489,2.339503288269043,14,0.222222,0.05364409,0.05051361,0.05835651,0.05364409,0.05364409,0.00000000,1.564955,1.593715,-0.018377,0.066465,0.066717,-0.003799,0.874361,0.874507,0.000146,1.83565655,0.997664
xamn5,XAM-N-5,146,147.000,152.000,6810,150,61,0.435714,12.200000,31.019127,11.579012,0.516985,1.001761,1.526822,2.152254,0.004773,17.085926,5239,1.526822,2.100855827331543,11,0.180328,0.05232866,0.04941601,0.05566069,0.05232866,0.05232866,0.00000000,1.581766,1.608184,-0.016701,0.068436,0.068656,-0.003207,0.869794,0.869999,0.000205,1.84587212,0.997609
xamn5,XAM-N-5,147,148.000,153.000,6837,150,65,0.464286,13.000000,30.949926,11.484200,0.515832,0.990674,1.481352,2.050984,0.011471,16.483915,5295,1.481352,2.1789469718933105,11,0.169231,0.05306082,0.05020007,0.05391461,0.05306082,0.05306082,0.00000000,1.574392,1.599142,-0.015720,0.068266,0.068432,-0.002431,0.868794,0.869009,0.000215,1.80326241,0.997618
xamn5,XAM-N-5,148,149.000,154.000,6791,150,64,0.457143,12.800000,30.957844,11.328226,0.515964,1.006416,1.505168,1.896680,0.003747,15.183082,5301,1.505168,1.9756293296813965,15,0.234375,0.05327069,0.05049592,0.05208820,0.05327069,0.05327069,0.00000000,1.567540,1.592454,-0.015893,0.067541,0.067696,-0.002296,0.870627,0.870876,0.000249,1.74698435,0.999028
xamn5,XAM-N-5,149,150.000,155.000,6913,150,58,0.414286,11.600000,30.996624,11.216394,0.516610,1.007187,1.497341,1.752658,0.002993,14.024926,5428,1.497341,1.6062273979187012,14,0.241379,0.05406708,0.05130096,0.05116084,0.05406708,0.05406708,0.00000000,1.562446,1.586276,-0.015252,0.066625,0.066780,-0.002335,0.872805,0.873046,0.000241,1.68876468,1.000000
xamn5,XAM-N-5,150,151.000,156.000,7074,150,60,0.428571,12.000000,31.242388,11.394672,0.520706,1.019837,1.553753,1.743517,0.002993,14.088838,5563,1.553753,1.7210370302200317,18,0.300000,0.05586661,0.05291404,0.05285025,0.05586661,0.05586661,0.00000000,1.561929,1.584563,-0.014491,0.067705,0.067773,-0.001000,0.870559,0.870942,0.000383,1.67749808,1.000000
xamn5,XAM-N-5,151,152.000,157.000,7290,150,62,0.442857,12.400000,31.160372,11.598639,0.519340,1.040022,1.586565,1.777796,0.002993,14.001639,5737,1.586565,1.9346778392791748,21,0.338710,0.05828913,0.05510589,0.05461105,0.05828913,0.05828913,0.00000000,1.536509,1.563942,-0.017854,0.064051,0.064218,-0.002612,0.877987,0.878283,0.000296,1.67968608,1.000000
xamn5,XAM-N-5,152,153.000,158.000,7382,150,64,0.457143,12.800000,31.333120,11.926509,0.522219,1.044659,1.613059,1.839215,0.002993,14.413802,5791,1.613059,2.097931146621704,24,0.375000,0.05912198,0.05580636,0.05608111,0.05912198,0.05912198,0.00000000,1.523842,1.555900,-0.021038,0.062536,0.062821,-0.004555,0.880836,0.881054,0.000218,1.71222237,1.000000
xamn5,XAM-N-5,153,154.000,159.000,7447,150,64,0.457143,12.800000,31.304680,12.326512,0.521745,1.075272,1.649482,1.947707,0.002993,15.257272,5811,1.649482,2.243197202682495,19,0.296875,0.05972899,0.05630256,0.05736625,0.05972899,0.05972899,0.00000000,1.532996,1.564858,-0.020784,0.063785,0.064052,-0.004182,0.878519,0.878816,0.000296,1.74036430,1.000000
xamn5,XAM-N-5,154,155.000,160.000,7385,150,64,0.457143,12.800000,31.094597,12.628538,0.518243,1.081836,1.671371,2.075031,0.016830,15.927960,5723,1.671371,2.382636547088623,22,0.343750,0.05920726,0.05569207,0.05937103,0.05920726,0.05920726,0.00000000,1.535431,1.569853,-0.022419,0.064125,0.064377,-0.003939,0.878371,0.878741,0.000371,1.78188070,1.000000
xamn5,XAM-N-5,155,156.000,161.000,7390,150,64,0.457143,12.800000,31.091619,12.767738,0.518194,1.102245,1.729161,2.175592,0.005590,16.596596,5731,1.729161,2.4906437397003174,18,0.281250,0.05910624,0.05560424,0.05924926,0.05910624,0.05910624,0.00000000,1.547949,1.582381,-0.022244,0.064603,0.064852,-0.003848,0.878434,0.878754,0.000320,1.81158677,1.000000
xamn5,XAM-N-5,156,157.000,162.000,7394,150,66,0.471429,13.200000,31.167982,12.849901,0.519466,1.129904,1.773907,2.187660,0.005590,16.834799,5777,1.773907,2.5724844932556152,16,0.242424,0.05900355,0.05563162,0.05714788,0.05900355,0.05900355,0.00000000,1.567092,1.596508,-0.018771,0.067283,0.067431,-0.002207,0.873401,0.873767,0.000366,1.82787288,1.000000
xamn5,XAM-N-5,157,158.000,163.000,7325,150,64,0.457143,12.800000,31.033276,12.745813,0.517221,1.172650,1.851088,2.162497,0.005590,16.526228,5746,1.851088,2.4562742710113525,12,0.187500,0.05844052,0.05522362,0.05504569,0.05844052,0.05844052,0.00000000,1.580260,1.610087,-0.018874,0.068190,0.068324,-0.001967,0.872434,0.872784,0.000350,1.86015537,1.000000
xamn5,XAM-N-5,158,159.000,164.000,7227,150,60,0.428571,12.000000,31.145744,12.493621,0.519096,1.190403,1.916365,2.111468,0.005590,16.116587,5675,1.916365,2.202511787414551,15,0.250000,0.05762382,0.05465113,0.05158783,0.05762382,0.05762382,0.00000000,1.566007,1.597497,-0.020109,0.066273,0.066455,-0.002744,0.876092,0.876293,0.000202,1.84786645,1.000000
xamn5,XAM-N-5,159,160.000,165.000,7242,150,63,0.450000,12.600000,31.504375,12.323567,0.525073,1.205131,1.928280,2.154479,0.005590,16.933926,5719,1.928280,2.329737663269043,16,0.253968,0.05739824,0.05465386,0.04781292,0.05739824,0.05739824,0.00000000,1.550754,1.585597,-0.022468,0.065695,0.065926,-0.003517,0.876085,0.876234,0.000149,1.82659136,1.000000
xamn5,XAM-N-5,160,161.000,166.000,7148,150,65,0.464286,13.000000,31.819525,12.221361,0.530325,1.216730,1.931647,2.227589,0.029850,17.768396,5648,1.931647,2.418776512145996,16,0.246154,0.05620769,0.05370677,0.04449430,0.05620769,0.05620769,0.00000000,1.536125,1.570933,-0.022660,0.065026,0.065316,-0.004467,0.876118,0.876215,0.000097,1.85735538,1.000000
xamn5,XAM-N-5,161,162.000,167.000,6930,150,62,0.442857,12.400000,32.127499,11.955251,0.535458,1.197107,1.906593,2.311175,0.129896,18.515215,5417,1.906593,2.283592939376831,19,0.306452,0.05394842,0.05165728,0.04246915,0.05394842,0.05394842,0.00000000,1.514735,1.552790,-0.025123,0.063007,0.063338,-0.005242,0.879753,0.879821,0.000068,1.89247651,1.000000
xamn5,XAM-N-5,162,163.000,168.000,6846,150,64,0.457143,12.800000,32.548779,11.813367,0.542480,1.167115,1.864894,2.367305,0.050343,19.314928,5333,1.864894,2.3422765731811523,19,0.296875,0.05268768,0.05053380,0.04088014,0.05268768,0.05268768,0.00000000,1.493843,1.527742,-0.022692,0.061199,0.061431,-0.003785,0.882940,0.883091,0.000152,1.96924970,1.000000
xamn5,XAM-N-5,163,164.000,169.000,6785,150,62,0.442857,12.400000,32.812386,11.748613,0.546873,1.128439,1.832974,2.437497,0.002972,20.106831,5261,1.832974,2.278883934020996,20,0.322581,0.05160050,0.04947618,0.04116856,0.05160050,0.05160050,0.00000000,1.509131,1.541855,-0.021684,0.062880,0.063129,-0.003954,0.879814,0.879994,0.000180,2.05365112,1.000000
xamn5,XAM-N-5,164,165.000,170.000,6738,150,65,0.464286,13.000000,32.922840,11.721932,0.548714,1.108111,1.811171,2.429821,0.002400,19.826525,5214,1.811171,2.3696508407592773,20,0.307692,0.05134574,0.04924964,0.04082316,0.05134574,0.05134574,0.00000000,1.511984,1.539333,-0.018088,0.061965,0.062220,-0.004127,0.882949,0.883082,0.000133,2.18368096,1.000000
xamn5,XAM-N-5,165,166.000,171.000,6696,150,60,0.428571,12.000000,32.914986,11.754613,0.548583,1.051114,1.720144,2.426157,0.002400,19.488752,5172,1.720144,2.170012950897217,19,0.316667,0.05135846,0.04928239,0.04042302,0.05135846,0.05135846,0.00000000,1.525404,1.551918,-0.017382,0.063012,0.063226,-0.003391,0.880849,0.881028,0.000179,2.22853915,1.000000
xamn5,XAM-N-5,166,167.000,172.000,6687,150,60,0.428571,12.000000,32.843796,11.889306,0.547397,1.019985,1.677933,2.395048,0.002400,19.382002,5149,1.677933,2.1507692337036133,16,0.266667,0.05160808,0.04949867,0.04087359,0.05160808,0.05160808,0.00000000,1.522488,1.544011,-0.014137,0.062812,0.062967,-0.002468,0.880730,0.880900,0.000170,2.25775766,1.000000
xamn5,XAM-N-5,167,168.000,173.000,6666,150,61,0.435714,12.200000,32.603436,11.966182,0.543391,0.985812,1.602309,2.385669,0.002400,19.135073,5086,1.602309,2.2126553058624268,16,0.262295,0.05195142,0.04985843,0.04028734,0.05195142,0.05195142,0.00000000,1.555804,1.575744,-0.012817,0.065921,0.066042,-0.001831,0.875722,0.875935,0.000213,2.22081449,1.000000
xamn5,XAM-N-5,168,169.000,174.000,6670,150,58,0.414286,11.600000,32.400265,11.913193,0.540004,0.955522,1.503108,2.320644,0.002400,18.404661,5077,1.503108,2.0549330711364746,16,0.275862,0.05236415,0.05035600,0.03834981,0.05236415,0.05236415,0.00000000,1.551837,1.568942,-0.011023,0.066172,0.066245,-0.001091,0.874854,0.875075,0.000221,2.18448287,1.000000
xamn5,XAM-N-5,169,170.000,175.000,6628,150,60,0.428571,12.000000,32.273914,11.855713,0.537899,0.964285,1.499641,2.264734,0.009872,17.982615,5005,1.499641,2.0732409954071045,12,0.200000,0.05212281,0.05016238,0.03761170,0.05212281,0.05212281,0.00000000,1.523298,1.539427,-0.010588,0.063310,0.063341,-0.000502,0.879656,0.879887,0.000231,2.16132909,1.000000
xamn5,XAM-N-5,170,171.000,176.000,6727,150,60,0.428571,12.000000,32.332935,11.766951,0.538882,0.982132,1.524485,2.152601,0.009872,17.421316,5077,1.524485,1.9643386602401733,14,0.233333,0.05267148,0.05074608,0.03655481,0.05267148,0.05267148,0.00000000,1.494698,1.509278,-0.009755,0.061013,0.061013,0.000002,0.883799,0.884046,0.000247,2.11859313,1.000000
xamn5,XAM-N-5,171,172.000,177.000,6918,150,64,0.457143,12.800000,32.504383,11.666020,0.541740,1.008281,1.561188,2.102492,0.009872,16.980753,5295,1.561188,2.1000447273254395,16,0.250000,0.05397078,0.05201980,0.03614886,0.05397078,0.05397078,0.00000000,1.470437,1.485755,-0.010418,0.059082,0.059086,-0.000065,0.887091,0.887349,0.000257,2.08836871,1.000000
xamn5,XAM-N-5,172,173.000,178.000,7045,150,61,0.435714,12.200000,32.805851,11.477307,0.546764,1.049732,1.625749,2.030988,0.009872,16.495159,5464,1.625749,1.8991434574127197,18,0.295082,0.05455514,0.05253178,0.03708835,0.05455514,0.05455514,0.00000000,1.442256,1.456042,-0.009558,0.056694,0.056690,0.000061,0.890659,0.890882,0.000223,2.02321024,1.000000
xamn5,XAM-N-5,173,174.000,179.000,7251,150,61,0.435714,12.200000,33.108780,11.418280,0.551813,1.065488,1.656358,2.021882,0.125014,16.647463,5694,1.656358,1.8941824436187744,15,0.245902,0.05537744,0.05316026,0.04003757,0.05537744,0.05537744,0.00000000,1.411901,1.424624,-0.009011,0.053208,0.053154,0.001018,0.897040,0.897302,0.000263,1.98654203,1.000000
xamn5,XAM-N-5,174,175.000,180.000,7477,150,64,0.457143,12.800000,33.472775,11.373867,0.557880,1.052723,1.664425,2.008747,0.006526,16.836784,5931,1.664425,1.9985820055007935,15,0.234375,0.05622481,0.05384339,0.04235537,0.05622481,0.05622481,0.00000000,1.414339,1.425778,-0.008088,0.053871,0.053759,0.002080,0.895537,0.895849,0.000313,1.92853446,1.000000
xamn5,XAM-N-5,175,176.000,181.000,7564,150,66,0.471429,13.200000,33.623043,11.325507,0.560384,1.067200,1.705358,1.995989,0.006526,16.887020,6015,1.705358,2.0508456230163574,12,0.181818,0.05623403,0.05364094,0.04611241,0.05623403,0.05623403,0.00000000,1.408112,1.420058,-0.008483,0.053216,0.053120,0.001808,0.896741,0.897027,0.000286,1.85961834,1.000000
xamn5,XAM-N-5,176,177.000,182.000,7539,150,65,0.464286,13.000000,34.063736,11.375401,0.567729,1.082933,1.760455,1.964861,0.006526,17.113792,5959,1.760455,1.9081010818481445,10,0.153846,0.05537641,0.05268335,0.04863197,0.05537641,0.05537641,0.00000000,1.417808,1.433087,-0.010777,0.054078,0.054059,0.000352,0.895072,0.895297,0.000224,1.80945670,1.000000
xamn5,XAM-N-5,177,178.000,183.000,7554,150,66,0.471429,13.200000,34.452347,11.458986,0.574206,1.107485,1.831663,1.961465,0.006526,17.481037,5916,1.831663,1.9067751169204712,10,0.151515,0.05526146,0.05248409,0.05025866,0.05526146,0.05526146,0.00000000,1.431388,1.449658,-0.012764,0.054080,0.054128,-0.000887,0.896004,0.896174,0.000170,1.77789577,1.000000
xamn5,XAM-N-5,178,179.000,184.000,7453,150,65,0.464286,13.000000,34.801624,11.533132,0.580027,1.127010,1.862813,1.977609,0.006526,17.796003,5755,1.862813,1.840083122253418,13,0.200000,0.05483296,0.05208064,0.05019476,0.05483296,0.05483296,0.00000000,1.462276,1.483034,-0.014196,0.056424,0.056531,-0.001899,0.892515,0.892627,0.000112,1.74006970,1.000000
xamn5,XAM-N-5,179,180.000,185.000,7216,150,64,0.457143,12.800000,34.932800,11.562523,0.582213,1.153185,1.916218,1.964739,0.006356,17.541578,5504,1.916218,1.7203720808029175,16,0.250000,0.05335127,0.05065846,0.05047315,0.05335127,0.05335127,0.00000000,1.496427,1.520203,-0.015889,0.059718,0.059908,-0.003172,0.886869,0.886924,0.000055,1.71272978,1.000000
xamn5,XAM-N-5,180,181.000,186.000,7049,150,60,0.428571,12.000000,34.960506,11.644017,0.582675,1.162880,1.917911,1.945655,0.006029,16.991428,5350,1.917911,1.506368637084961,18,0.300000,0.05245969,0.04984810,0.04978273,0.05245969,0.05245969,0.00000000,1.536761,1.559437,-0.014756,0.063458,0.063636,-0.002800,0.880028,0.880117,0.000089,1.70366303,1.000000
xamn5,XAM-N-5,181,182.000,187.000,6912,150,62,0.442857,12.400000,34.485203,11.688952,0.574753,1.164455,1.914585,1.972399,0.006029,16.756716,5223,1.914585,1.639096736907959,17,0.274194,0.05204225,0.04940895,0.05059932,0.05204225,0.05204225,0.00000000,1.557389,1.576614,-0.012345,0.065111,0.065198,-0.001334,0.877937,0.878093,0.000156,1.66890518,1.000000
xamn5,XAM-N-5,182,183.000,188.000,6691,150,60,0.428571,12.000000,33.916080,11.659161,0.565268,1.162690,1.892265,2.044937,0.006029,16.597923,5060,1.892265,1.6355477571487427,16,0.266667,0.05061433,0.04799050,0.05183973,0.05061433,0.05061433,0.00000000,1.551719,1.570243,-0.011938,0.065397,0.065467,-0.001080,0.876657,0.876842,0.000184,1.62278847,1.000000
xamn5,XAM-N-5,183,184.000,189.000,6550,150,58,0.414286,11.600000,33.318691,11.628377,0.555312,1.166034,1.893508,2.144450,0.002831,16.509230,4945,1.893508,1.6878762245178223,12,0.206897,0.04982081,0.04712023,0.05420594,0.04982081,0.04982081,0.00000000,1.523478,1.541806,-0.012030,0.063267,0.063283,-0.000249,0.879768,0.880021,0.000253,1.58832004,1.000000
xamn5,XAM-N-5,184,185.000,190.000,6485,150,59,0.421429,11.800000,32.744961,11.507372,0.545749,1.156207,1.869667,2.215633,0.002831,16.831469,4880,1.869667,1.847293734550476,12,0.203390,0.04963159,0.04684241,0.05619767,0.04963159,0.04963159,0.00000000,1.486090,1.502904,-0.011315,0.059763,0.059717,0.000764,0.885679,0.885985,0.000306,1.56381951,1.000000
xamn5,XAM-N-5,185,186.000,191.000,6311,150,58,0.414286,11.600000,32.134514,11.393172,0.535575,1.118926,1.806680,2.324191,0.002831,17.324331,4715,1.806680,1.9356231689453125,13,0.224138,0.04844902,0.04551818,0.06049320,0.04844902,0.04844902,0.00000000,1.466677,1.488004,-0.014541,0.057879,0.057711,0.002895,0.889667,0.890173,0.000506,1.53423623,1.000000
xamn5,XAM-N-5,186,187.000,192.000,6162,150,59,0.421429,11.800000,31.540064,11.329629,0.525668,1.069749,1.726714,2.322786,0.002831,16.948364,4589,1.726714,1.970433235168457,13,0.220339,0.04702668,0.04406397,0.06300067,0.04702668,0.04702668,0.00000000,1.446569,1.468263,-0.014997,0.056152,0.055749,0.007164,0.892474,0.893529,0.001055,1.50923954,1.000000
xamn5,XAM-N-5,187,188.000,193.000,6176,150,61,0.435714,12.200000,31.130014,11.495578,0.518834,1.007822,1.618969,2.268596,0.002831,16.380211,4584,1.618969,2.0142574310302734,16,0.262295,0.04677960,0.04369493,0.06594044,0.04677960,0.04677960,0.00000000,1.452809,1.472552,-0.013590,0.057262,0.056717,0.009520,0.890388,0.891876,0.001488,1.51026986,1.000000
xamn5,XAM-N-5,188,189.000,194.000,6175,150,58,0.414286,11.600000,30.867832,11.650438,0.514464,0.975736,1.555575,2.145487,0.003163,15.717922,4568,1.555575,1.7647490501403809,17,0.293103,0.04632280,0.04316413,0.06818838,0.04632280,0.04632280,0.00000000,1.484493,1.503134,-0.012557,0.061251,0.060699,0.009007,0.881967,0.883619,0.001652,1.50688325,1.000000
xamn5,XAM-N-5,189,190.000,195.000,6182,150,57,0.407143,11.400000,30.706064,12.056683,0.511768,0.951263,1.491855,2.092693,0.003163,15.069369,4591,1.491855,1.669086217880249,14,0.245614,0.04601732,0.04277241,0.07051495,0.04601732,0.04601732,0.00000000,1.512915,1.530403,-0.011559,0.063896,0.063314,0.009113,0.876691,0.878448,0.001756,1.49285432,1.000000
xamn5,XAM-N-5,190,191.000,196.000,6228,150,52,0.371429,10.400000,30.657993,12.418152,0.510967,0.944334,1.494330,2.135595,0.020824,15.139238,4643,1.494330,1.53548264503479,12,0.230769,0.04632744,0.04316605,0.06824011,0.04632744,0.04632632,0.00002421,1.508621,1.521711,-0.008677,0.063813,0.063273,0.008466,0.876546,0.878427,0.001881,1.52351892,1.000000
xamn5,XAM-N-5,191,192.000,197.000,6270,150,51,0.364286,10.200000,30.787340,12.720573,0.513122,0.966343,1.519717,2.298438,0.010796,15.976721,4643,1.519717,1.6882355213165283,13,0.254902,0.04692972,0.04384394,0.06575306,0.04692972,0.04692794,0.00003777,1.503488,1.517755,-0.009490,0.062721,0.062432,0.004608,0.879124,0.880573,0.001449,1.58084343,1.000000
xamn5,XAM-N-5,192,193.000,198.000,6237,150,54,0.385714,10.800000,30.800991,12.842196,0.513350,1.005685,1.560628,2.464350,0.010796,17.039553,4579,1.560628,1.9961974620819092,10,0.185185,0.04712388,0.04414181,0.06328132,0.04712388,0.04711905,0.00010235,1.486775,1.502868,-0.010824,0.061528,0.061136,0.006369,0.880942,0.882423,0.001481,1.63387316,1.000000
xamn5,XAM-N-5,193,194.000,199.000,6196,150,54,0.385714,10.800000,31.084476,13.052588,0.518075,1.051883,1.678062,2.601818,0.010796,18.234049,4538,1.678062,2.150667667388916,14,0.259259,0.04782165,0.04496193,0.05979962,0.04782165,0.04781378,0.00016465,1.479891,1.494953,-0.010178,0.060155,0.059645,0.008477,0.885128,0.886719,0.001591,1.71343587,1.000000
xamn5,XAM-N-5,194,195.000,200.000,6141,150,53,0.378571,10.600000,31.562017,13.147546,0.526034,1.107610,1.743551,2.753576,0.010796,19.288984,4500,1.743551,2.262490749359131,14,0.264151,0.04844605,0.04571254,0.05642386,0.04844605,0.04843155,0.00029933,1.484716,1.496361,-0.007843,0.061724,0.060902,0.013313,0.882026,0.884036,0.002010,1.79390132,1.000000
xamn5,XAM-N-5,195,196.000,201.000,6095,150,53,0.378571,10.600000,32.217419,13.299105,0.536957,1.172797,1.837766,2.783260,0.010796,19.669809,4442,1.837766,2.2622463703155518,13,0.245283,0.04904096,0.04634299,0.05501473,0.04904096,0.04901960,0.00043568,1.495035,1.504965,-0.006642,0.062244,0.061242,0.016088,0.881678,0.883655,0.001976,1.86589279,1.000000
xamn5,XAM-N-5,196,197.000,202.000,5997,150,52,0.371429,10.400000,32.786110,13.473707,0.546435,1.248498,1.977523,2.730279,0.030375,19.754259,4358,1.977523,2.1226000785827637,15,0.288462,0.04920911,0.04648659,0.05532555,0.04920911,0.04918603,0.00046890,1.488422,1.503143,-0.009890,0.061947,0.060983,0.015556,0.881564,0.883415,0.001851,1.93569613,1.000000
xamn5,XAM-N-5,197,198.000,203.000,5825,150,53,0.378571,10.600000,33.489601,13.799729,0.558160,1.296881,2.066686,2.682733,0.109097,19.909197,4236,2.066686,2.029545307159424,16,0.301887,0.04865555,0.04596473,0.05530348,0.04865555,0.04863191,0.00048588,1.494642,1.507229,-0.008422,0.062241,0.061422,0.013150,0.881140,0.882650,0.001510,2.05038102,1.000000
xamn5,XAM-N-5,198,199.000,204.000,5693,150,51,0.364286,10.200000,34.083447,14.062566,0.568057,1.354430,2.126405,2.710961,0.296746,20.243755,4143,2.126405,1.8985503911972046,14,0.274510,0.04774890,0.04509721,0.05553414,0.04774890,0.04772370,0.00052785,1.479178,1.494163,-0.010131,0.060686,0.059996,0.011369,0.883683,0.884910,0.001227,2.16468178,1.000000
xamn5,XAM-N-5,199,200.000,205.000,5599,150,52,0.371429,10.400000,34.555260,14.442210,0.575921,1.406417,2.239329,2.710048,0.016686,21.347919,4011,2.239329,1.868953824043274,15,0.288462,0.04698325,0.04436272,0.05577574,0.04698325,0.04696219,0.00044826,1.465380,1.487161,-0.014864,0.057932,0.057668,0.004572,0.889296,0.889910,0.000615,2.35157732,1.000000
xamn5,XAM-N-5,200,201.000,206.000,5582,150,52,0.371429,10.400000,34.969135,14.777609,0.582819,1.462021,2.329581,2.639172,0.000525,21.998777,3939,2.329581,1.7378723621368408,18,0.346154,0.04650010,0.04388253,0.05629174,0.04650010,0.04648513,0.00032197,1.457726,1.481705,-0.016449,0.056934,0.056949,-0.000269,0.891029,0.891307,0.000278,2.64549416,0.999600
xamn5,XAM-N-5,201,202.000,207.000,5531,150,49,0.350000,9.800000,35.391064,15.222824,0.589851,1.460998,2.300370,2.557755,0.000525,21.619646,3868,2.300370,1.4481441974639893,17,0.346939,0.04526062,0.04273711,0.05575491,0.04526062,0.04524800,0.00027866,1.485643,1.505922,-0.013651,0.059661,0.059658,0.000050,0.885994,0.886254,0.000260,3.85016345,0.999031
xamn5,XAM-N-5,202,203.000,208.000,5573,150,51,0.364286,10.200000,35.854408,15.611328,0.597573,1.505372,2.404077,2.466562,0.000525,21.293467,3828,2.404077,1.373653531074524,15,0.294118,0.04490889,0.04246350,0.05445239,0.04490889,0.04489437,0.00032335,1.502313,1.525267,-0.015279,0.060650,0.060738,-0.001448,0.884508,0.884714,0.000206,2.85912842,0.999039
xamn5,XAM-N-5,203,204.000,209.000,5544,150,52,0.371429,10.400000,36.032383,15.840610,0.600540,1.480415,2.361965,2.478444,0.000525,21.662865,3781,2.361965,1.3790180683135986,11,0.211538,0.04404571,0.04173236,0.05252166,0.04404571,0.04402806,0.00040068,1.505626,1.530452,-0.016489,0.060431,0.060532,-0.001676,0.885166,0.885400,0.000233,2.52797840,0.998875
xamn5,XAM-N-5,204,205.000,210.000,5527,150,52,0.371429,10.400000,36.195332,15.917635,0.603256,1.458205,2.315995,2.472320,0.000525,21.453800,3744,2.315995,1.3207427263259888,10,0.192308,0.04302882,0.04086978,0.05017661,0.04302882,0.04301125,0.00040847,1.490224,1.516412,-0.017573,0.058953,0.059045,-0.001551,0.888567,0.888806,0.000239,2.46133178,0.998870
xamn5,XAM-N-5,205,206.000,211.000,5437,150,51,0.364286,10.200000,36.217018,15.909426,0.603617,1.482272,2.353740,2.532923,0.003042,21.095560,3695,2.353740,1.3002617359161377,10,0.196078,0.04177834,0.03981167,0.04707390,0.04177834,0.04175980,0.00044359,1.495080,1.525146,-0.020110,0.058846,0.059048,-0.003432,0.888757,0.888898,0.000141,2.34194734,0.999262
xamn5,XAM-N-5,206,207.000,212.000,5396,150,52,0.371429,10.400000,36.187843,15.565885,0.603131,1.471909,2.374448,2.634881,0.000507,21.472002,3694,2.374448,1.434814691543579,13,0.250000,0.04124021,0.03938189,0.04506105,0.04124021,0.04121371,0.00064264,1.494957,1.521364,-0.017664,0.059403,0.059534,-0.002207,0.887451,0.887703,0.000252,2.21767379,0.999835
xamn5,XAM-N-5,207,208.000,213.000,5360,150,51,0.364286,10.200000,35.896034,14.984930,0.598267,1.433737,2.262193,2.753181,0.000367,21.836351,3651,2.262193,1.5304776430130005,14,0.274510,0.04068229,0.03893137,0.04303893,0.04068229,0.04065732,0.00061371,1.503975,1.529673,-0.017087,0.060252,0.060334,-0.001352,0.886727,0.887034,0.000307,2.13689897,0.999834
xamn5,XAM-N-5,208,209.000,214.000,5336,150,50,0.357143,10.000000,35.572487,14.459103,0.592875,1.432738,2.281712,2.705722,0.000367,20.817888,3573,2.281712,1.4551658630371094,16,0.320000,0.04039654,0.03871952,0.04151408,0.04039654,0.04037480,0.00053816,1.497122,1.517549,-0.013644,0.059519,0.059636,-0.001968,0.888248,0.888479,0.000230,2.15843261,1.000000
xamn5,XAM-N-5,209,210.000,215.000,5383,150,52,0.371429,10.400000,35.375076,13.945422,0.589585,1.425746,2.245083,2.718698,0.000367,20.206228,3586,2.245083,1.585557222366333,18,0.346154,0.04095954,0.03930353,0.04043045,0.04095954,0.04093282,0.00065244,1.522396,1.539724,-0.011382,0.061960,0.062051,-0.001468,0.883426,0.883663,0.000237,2.15822025,1.000000
xamn5,XAM-N-5,210,211.000,216.000,5545,150,53,0.378571,10.600000,35.120018,13.525867,0.585334,1.365524,2.149157,2.680724,0.000367,20.071884,3736,2.149157,1.6568752527236938,16,0.301887,0.04237830,0.04070927,0.03938428,0.04237830,0.04234977,0.00067328,1.516556,1.529622,-0.008616,0.062401,0.062372,0.000478,0.882126,0.882467,0.000341,2.18409651,1.000000
xamn5,XAM-N-5,211,212.000,217.000,5623,150,50,0.357143,10.000000,34.759460,13.233777,0.579324,1.350948,2.090363,2.578831,0.000367,19.282110,3796,2.090363,1.494301676750183,18,0.360000,0.04340151,0.04177056,0.03757816,0.04340151,0.04337629,0.00058110,1.515482,1.535187,-0.013002,0.061688,0.061711,-0.000386,0.883967,0.884254,0.000287,2.34459071,1.000000
xamn5,XAM-N-5,212,213.000,218.000,5697,150,52,0.371429,10.400000,34.798187,13.189675,0.579970,1.324316,2.071207,2.409924,0.001262,18.186028,3898,2.071207,1.4093496799468994,17,0.326923,0.04412180,0.04253078,0.03605977,0.04412180,0.04410057,0.00048125,1.487148,1.505036,-0.012029,0.058971,0.058986,-0.000267,0.888490,0.888732,0.000242,2.50832881,1.000000
xamn5,XAM-N-5,213,214.000,219.000,5818,150,50,0.357143,10.000000,34.779442,13.220537,0.579657,1.298121,2.008797,2.372175,0.001262,17.979498,4041,2.008797,1.325270414352417,17,0.340000,0.04505572,0.04341989,0.03630678,0.04505572,0.04503900,0.00037118,1.497445,1.515162,-0.011832,0.060526,0.060469,0.000931,0.885448,0.885759,0.000311,2.56630577,1.000000
xamn5,XAM-N-5,214,215.000,220.000,5845,150,52,0.371429,10.400000,34.648777,13.249031,0.577480,1.292669,2.016943,2.295104,0.001262,17.524248,4128,2.016943,1.3424665927886963,17,0.326923,0.04539837,0.04375322,0.03623815,0.04539837,0.04538905,0.00020539,1.486628,1.502200,-0.010475,0.060235,0.060120,0.001910,0.885674,0.886054,0.000379,2.76196775,1.000000
xamn5,XAM-N-5,215,216.000,221.000,5770,150,49,0.350000,9.800000,34.571991,13.228237,0.576200,1.287802,2.040740,2.306156,0.001262,17.744020,4046,2.040740,1.2236404418945312,18,0.367347,0.04486905,0.04322886,0.03655493,0.04486905,0.04486439,0.00010391,1.476738,1.492876,-0.010928,0.059181,0.059083,0.001651,0.887941,0.888304,0.000363,2.98592068,1.000000
xamn5,XAM-N-5,216,217.000,222.000,5919,150,51,0.364286,10.200000,34.822399,13.309383,0.580373,1.286015,2.039944,2.366049,0.001262,18.731613,4189,2.039944,1.3853418827056885,11,0.215686,0.04587634,0.04412523,0.03817016,0.04587634,0.04587634,0.00000000,1.477319,1.489247,-0.008075,0.060250,0.060121,0.002143,0.885006,0.885398,0.000391,2.73218188,1.000000
xamn5,XAM-N-5,217,218.000,223.000,5921,150,50,0.357143,10.000000,34.669525,13.182319,0.577825,1.253928,1.984196,2.466730,0.002844,19.663792,4223,1.984196,1.4774534702301025,16,0.320000,0.04606377,0.04417492,0.04100518,0.04606377,0.04606377,0.00000000,1.486926,1.500168,-0.008905,0.061353,0.061251,0.001659,0.882177,0.882539,0.000362,2.55530861,1.000000
xamn5,XAM-N-5,218,219.000,224.000,5821,150,52,0.371429,10.400000,34.770802,13.122792,0.579513,1.241103,1.986773,2.470366,0.002844,20.377243,4183,1.986773,1.5274462699890137,17,0.326923,0.04541233,0.04343077,0.04363477,0.04541233,0.04541233,0.00000000,1.511830,1.525106,-0.008782,0.063373,0.063321,0.000823,0.878339,0.878640,0.000301,2.35286277,1.000000
xamn5,XAM-N-5,219,220.000,225.000,5692,150,50,0.357143,10.000000,34.915829,12.857152,0.581930,1.249039,2.021345,2.474276,0.001071,20.838326,4043,2.021345,1.4051897525787354,15,0.300000,0.04445116,0.04240253,0.04608727,0.04445116,0.04445116,0.00000000,1.528581,1.546183,-0.011515,0.064140,0.064125,0.000232,0.877159,0.877417,0.000258,2.31755512,1.000000
xamn5,XAM-N-5,220,221.000,226.000,5637,150,53,0.378571,10.600000,35.081867,12.465795,0.584698,1.229163,1.956017,2.443828,0.001071,21.239985,3984,1.956017,1.4615919589996338,17,0.320755,0.04407706,0.04195026,0.04825173,0.04407706,0.04407706,0.00000000,1.544960,1.568318,-0.015119,0.065661,0.065661,-0.000007,0.874135,0.874399,0.000264,2.28124689,1.000000
xamn5,XAM-N-5,221,222.000,227.000,5334,150,51,0.364286,10.200000,35.126053,11.935838,0.585434,1.213361,1.956057,2.485326,0.001071,21.889084,3681,1.956057,1.3367319107055664,19,0.372549,0.04169676,0.03966526,0.04872060,0.04169676,0.04169676,0.00000000,1.560727,1.584832,-0.015445,0.066816,0.066808,0.000117,0.872662,0.872961,0.000299,2.26325476,1.000000
xamn5,XAM-N-5,222,223.000,228.000,5067,150,44,0.314286,8.800000,35.281757,11.540540,0.588029,1.241954,2.037084,2.406101,0.001071,21.588110,3419,2.037084,0.8766664266586304,16,0.363636,0.03944399,0.03752495,0.04865232,0.03944399,0.03944399,0.00000000,1.560180,1.590074,-0.019161,0.067050,0.067158,-0.001609,0.872345,0.872534,0.000189,2.27454392,1.000000
xamn5,XAM-N-5,223,224.000,229.000,4960,150,46,0.328571,9.200000,35.341503,11.093074,0.589025,1.282315,2.059666,2.300563,0.001071,20.678322,3277,2.059666,0.7940545678138733,16,0.347826,0.03838860,0.03655441,0.04777950,0.03838860,0.03838860,0.00000000,1.564236,1.598801,-0.022097,0.067067,0.067232,-0.002457,0.872366,0.872524,0.000158,2.30020044,1.000000
xamn5,XAM-N-5,224,225.000,230.000,4852,150,46,0.328571,9.200000,35.409821,11.082508,0.590164,1.283287,2.083060,2.266149,0.006606,20.392530,3165,2.083060,0.7085589170455933,19,0.413043,0.03726978,0.03549078,0.04773305,0.03726978,0.03726978,0.00000000,1.571779,1.605677,-0.021567,0.067615,0.067848,-0.003447,0.871482,0.871529,0.000047,2.26948661,1.000000
xamn5,XAM-N-5,225,226.000,231.000,4685,150,43,0.307143,8.600000,35.687851,11.497043,0.594798,1.266790,2.060406,2.294704,0.003864,20.384214,3005,2.060406,0.5375515222549438,16,0.372093,0.03562065,0.03391515,0.04787968,0.03562065,0.03562065,0.00000000,1.576630,1.610288,-0.021348,0.067479,0.067830,-0.005215,0.872314,0.872276,-0.000038,2.22172733,1.000000
xamn5,XAM-N-5,226,227.000,232.000,4617,150,40,0.285714,8.000000,35.914383,11.957096,0.598573,1.275813,2.067277,2.259868,0.003864,19.925253,2919,2.067277,0.3317398428916931,16,0.400000,0.03480996,0.03308725,0.04948887,0.03480996,0.03480996,0.00000000,1.567254,1.597551,-0.019331,0.065949,0.066271,-0.004883,0.875295,0.875080,-0.000215,2.10701815,1.000000
xamn5,XAM-N-5,227,228.000,233.000,4681,150,43,0.307143,8.600000,36.232544,12.345884,0.603876,1.246924,2.015248,2.499448,0.003864,21.921059,2958,2.015248,0.697676420211792,12,0.279070,0.03505057,0.03328876,0.05026492,0.03505057,0.03505057,0.00000000,1.571247,1.594148,-0.014575,0.065865,0.066081,-0.003279,0.876021,0.875929,-0.000093,1.98028456,1.000000
xamn5,XAM-N-5,228,229.000,234.000,4574,150,41,0.292857,8.200000,36.709843,12.787835,0.611831,1.242422,2.054929,2.664975,0.003864,23.312527,2895,2.054929,0.7261409163475037,12,0.292683,0.03407313,0.03238233,0.04962271,0.03407313,0.03407313,0.00000000,1.557338,1.578365,-0.013502,0.065623,0.065851,-0.003476,0.876091,0.875919,-0.000172,1.85856038,1.000000
xamn5,XAM-N-5,229,230.000,235.000,4518,150,44,0.314286,8.800000,37.153019,13.094501,0.619217,1.230854,2.042037,2.669295,0.003864,23.862005,2916,2.042037,0.7919936776161194,13,0.295455,0.03354173,0.03195518,0.04730075,0.03354173,0.03354173,0.00000000,1.521025,1.543802,-0.014975,0.062055,0.062462,-0.006544,0.882571,0.882246,-0.000325,1.79525464,1.000000
xamn5,XAM-N-5,230,231.000,236.000,4523,150,45,0.321429,9.000000,37.326607,13.150290,0.622110,1.285653,2.144960,2.636474,0.007070,23.687256,2981,2.144960,0.7792091965675354,17,0.377778,0.03351064,0.03200100,0.04504961,0.03351064,0.03351064,0.00000000,1.515755,1.535886,-0.013281,0.061561,0.061880,-0.005187,0.883445,0.883127,-0.000318,1.74449491,1.000000
xamn5,XAM-N-5,231,232.000,237.000,4544,150,46,0.328571,9.200000,37.295994,13.204787,0.621600,1.318206,2.198140,2.646496,0.007070,23.946548,3051,2.198140,0.8344682455062866,17,0.369565,0.03357089,0.03213620,0.04273617,0.03357089,0.03357089,0.00000000,1.492814,1.518293,-0.017068,0.059313,0.059773,-0.007767,0.886921,0.886610,-0.000311,1.75176641,1.000000
xamn5,XAM-N-5,232,233.000,238.000,4645,150,49,0.350000,9.800000,37.476784,13.394182,0.624613,1.396812,2.301341,2.570571,0.004525,23.705244,3184,2.301341,0.8781668543815613,18,0.367347,0.03424464,0.03284736,0.04080284,0.03424464,0.03424464,0.00000000,1.496909,1.523769,-0.017944,0.059206,0.059634,-0.007235,0.887856,0.887554,-0.000302,1.80094128,1.000000
xamn5,XAM-N-5,233,234.000,239.000,4864,150,49,0.350000,9.800000,37.424999,13.655274,0.623750,1.429313,2.309256,2.490559,0.004525,23.270769,3362,2.309256,0.8547869920730591,18,0.367347,0.03588545,0.03446608,0.03955280,0.03588545,0.03588545,0.00000000,1.485732,1.517122,-0.021128,0.058135,0.058552,-0.007177,0.889522,0.889299,-0.000223,1.79748394,1.000000
xamn5,XAM-N-5,234,235.000,240.000,5107,150,50,0.357143,10.000000,37.377373,13.747957,0.622956,1.439299,2.274167,2.398115,0.004525,22.331547,3503,2.274167,0.8603489398956299,17,0.340000,0.03762671,0.03615059,0.03923046,0.03762671,0.03762671,0.00000000,1.490089,1.518461,-0.019040,0.058972,0.059187,-0.003640,0.887699,0.887723,0.000024,1.79987050,1.000000
xamn5,XAM-N-5,235,236.000,241.000,5399,150,50,0.357143,10.000000,37.554359,13.773093,0.625906,1.407125,2.183966,2.316922,0.004525,21.852257,3721,2.183966,0.8333972692489624,15,0.300000,0.03972333,0.03819799,0.03839910,0.03972333,0.03972333,0.00000000,1.467071,1.493561,-0.018056,0.056760,0.056936,-0.003112,0.891594,0.891695,0.000102,1.82811771,1.000000
xamn5,XAM-N-5,236,237.000,242.000,5693,150,50,0.357143,10.000000,37.985359,13.682569,0.633089,1.406770,2.166898,2.216842,0.004525,21.119263,4014,2.166898,0.768142819404602,15,0.300000,0.04192661,0.04037136,0.03709461,0.04192661,0.04192661,0.00000000,1.475974,1.499214,-0.015745,0.058121,0.058264,-0.002459,0.889346,0.889464,0.000118,1.76835733,1.000000
xamn5,XAM-N-5,237,238.000,243.000,5885,150,52,0.371429,10.400000,38.114655,13.406056,0.635244,1.399613,2.150842,2.100682,0.001579,19.813818,4184,2.150842,0.7759761810302734,21,0.403846,0.04377775,0.04219031,0.03626128,0.04377775,0.04377775,0.00000000,1.469853,1.490627,-0.014133,0.057967,0.058083,-0.002004,0.889186,0.889294,0.000108,1.66170691,1.000000
xamn5,XAM-N-5,238,239.000,244.000,6045,150,53,0.378571,10.600000,38.449234,13.025867,0.640821,1.372205,2.122772,2.081478,0.001579,19.636356,4250,2.122772,0.8225734233856201,22,0.415094,0.04530154,0.04363356,0.03681945,0.04530154,0.04530154,0.00000000,1.477818,1.494249,-0.011119,0.058147,0.058192,-0.000775,0.889455,0.889589,0.000134,1.63894671,1.000000
xamn5,XAM-N-5,239,240.000,245.000,6054,150,51,0.364286,10.200000,38.673138,12.614084,0.644552,1.355989,2.104301,2.091850,0.001579,19.835966,4246,2.104301,0.7541409730911255,26,0.509804,0.04577328,0.04403917,0.03788476,0.04577328,0.04577328,0.00000000,1.474738,1.490486,-0.010679,0.058100,0.058134,-0.000582,0.889472,0.889580,0.000108,1.56029101,1.000000
xamn5,XAM-N-5,240,241.000,246.000,6001,150,53,0.378571,10.600000,39.002407,12.193038,0.650040,1.353434,2.132627,2.016636,0.001579,19.413246,4168,2.132627,0.7232451438903809,24,0.452830,0.04581309,0.04399488,0.03968752,0.04581309,0.04581309,0.00000000,1.476679,1.492226,-0.010529,0.058338,0.058379,-0.000713,0.889255,0.889317,0.000062,1.48255626,1.000000
xamn5,XAM-N-5,241,242.000,247.000,5949,150,55,0.392857,11.000000,39.168606,11.760387,0.652810,1.303002,2.075023,1.961233,0.001579,19.393192,4083,2.075023,0.7260735034942627,23,0.418182,0.04580066,0.04390696,0.04134675,0.04580066,0.04580066,0.00000000,1.466533,1.483017,-0.011240,0.056631,0.056650,-0.000329,0.892325,0.892417,0.000092,1.43131904,1.000000
xamn5,XAM-N-5,242,243.000,248.000,5797,150,53,0.378571,10.600000,39.269791,11.392558,0.654497,1.277875,2.057756,1.926672,0.003447,19.556301,3957,2.057756,0.5745811462402344,19,0.358491,0.04510172,0.04320257,0.04210816,0.04510172,0.04510172,0.00000000,1.463340,1.483336,-0.013665,0.057119,0.057171,-0.000910,0.890593,0.890655,0.000062,1.39598707,1.000000
xamn5,XAM-N-5,243,244.000,249.000,5670,150,53,0.378571,10.600000,39.189430,10.981243,0.653157,1.239443,2.021305,1.842688,0.006827,19.160910,3981,2.021305,0.4717378616333008,17,0.320755,0.04465897,0.04278790,0.04189699,0.04465897,0.04465897,0.00000000,1.452481,1.470475,-0.012389,0.056576,0.056615,-0.000691,0.891110,0.891183,0.000073,1.33147606,1.000000
xamn5,XAM-N-5,244,245.000,250.000,5706,150,55,0.392857,11.000000,38.919361,10.694645,0.648656,1.190489,1.973864,1.823414,0.006827,18.958620,4103,1.973864,0.5810815095901489,12,0.218182,0.04544872,0.04361933,0.04025155,0.04544872,0.04544872,0.00000000,1.444078,1.464745,-0.014311,0.055490,0.055604,-0.002050,0.893709,0.893728,0.000020,1.29465560,1.000000
xamn5,XAM-N-5,245,246.000,251.000,5628,150,53,0.378571,10.600000,38.555710,10.516587,0.642595,1.176095,1.948850,1.839425,0.000484,18.962069,4123,1.948850,0.5491670370101929,14,0.264151,0.04540786,0.04365130,0.03868390,0.04540786,0.04540786,0.00000000,1.457153,1.478093,-0.014370,0.057404,0.057497,-0.001630,0.889399,0.889477,0.000079,1.26751614,1.000000
xamn5,XAM-N-5,246,247.000,252.000,5593,150,52,0.371429,10.400000,38.084320,10.364451,0.634739,1.185755,1.965352,1.863830,0.000484,18.734055,4122,1.965352,0.611494779586792,14,0.269231,0.04634998,0.04465188,0.03663660,0.04634998,0.04634998,0.00000000,1.470046,1.489011,-0.012901,0.060367,0.060447,-0.001331,0.883104,0.883192,0.000088,1.24356015,1.000000
xamn5,XAM-N-5,247,248.000,253.000,5585,150,53,0.378571,10.600000,37.605186,10.083906,0.626753,1.165457,1.922574,1.862714,0.000484,18.414299,4118,1.922574,0.6982895135879517,13,0.245283,0.04657773,0.04494943,0.03495860,0.04657773,0.04657773,0.00000000,1.466820,1.483854,-0.011612,0.058153,0.058260,-0.001833,0.888867,0.888937,0.000071,1.24014297,1.000000
xamn5,XAM-N-5,248,249.000,254.000,5672,150,55,0.392857,11.000000,37.272530,9.814393,0.621209,1.146365,1.869917,1.919209,0.000484,18.747505,4151,1.869917,0.8986148834228516,13,0.236364,0.04741333,0.04581507,0.03370911,0.04741333,0.04741333,0.00000000,1.466713,1.485584,-0.012866,0.058120,0.058250,-0.002243,0.888800,0.888872,0.000072,1.27956271,1.000000
xamn5,XAM-N-5,249,250.000,255.000,5628,150,53,0.378571,10.600000,37.141430,9.499917,0.619024,1.149231,1.869547,1.915681,0.000484,18.864733,4091,1.869547,0.8204073905944824,13,0.245283,0.04723528,0.04568580,0.03280352,0.04723528,0.04723528,0.00000000,1.487848,1.504227,-0.011009,0.060361,0.060409,-0.000783,0.884162,0.884321,0.000159,1.31619468,1.000000
xamn5,XAM-N-5,250,251.000,256.000,5756,150,55,0.392857,11.000000,36.835529,9.175762,0.613925,1.106300,1.811754,1.948703,0.002005,19.264925,4174,1.811754,1.0017520189285278,14,0.254545,0.04832078,0.04682571,0.03094064,0.04832078,0.04832078,0.00000000,1.470133,1.489757,-0.013349,0.058328,0.058427,-0.001684,0.888014,0.888094,0.000080,1.37607785,1.000000
xamn5,XAM-N-5,251,252.000,257.000,5786,150,52,0.371429,10.400000,36.631168,8.856340,0.610519,1.072067,1.748604,1.917608,0.002005,18.884863,4187,1.748604,0.8523385524749756,18,0.346154,0.04794234,0.04650114,0.03006107,0.04794234,0.04794234,0.00000000,1.452348,1.475317,-0.015815,0.055083,0.055256,-0.003144,0.894966,0.894987,0.000021,1.42494929,1.000000
xamn5,XAM-N-5,252,253.000,258.000,5826,150,52,0.371429,10.400000,36.737720,8.958543,0.612295,1.064466,1.736609,1.850450,0.002005,18.256920,4211,1.736609,0.7773947715759277,19,0.365385,0.04817035,0.04674898,0.02950702,0.04817035,0.04817035,0.00000000,1.467302,1.492337,-0.017061,0.058321,0.058469,-0.002531,0.888001,0.888048,0.000047,1.48936447,1.000000
xamn5,XAM-N-5,253,254.000,259.000,5780,150,51,0.364286,10.200000,36.803997,9.145039,0.613400,1.099998,1.801969,1.796348,0.002005,17.822472,4194,1.801969,0.6564692258834839,17,0.333333,0.04773940,0.04642488,0.02753543,0.04773940,0.04773940,0.00000000,1.468155,1.492532,-0.016604,0.058902,0.059021,-0.002013,0.886542,0.886622,0.000080,1.52870693,1.000000
xamn5,XAM-N-5,254,255.000,260.000,5794,150,53,0.378571,10.600000,36.993076,9.440866,0.616551,1.117026,1.806525,1.804781,0.005884,17.706306,4223,1.806525,0.7106924057006836,16,0.301887,0.04725704,0.04608058,0.02489486,0.04725704,0.04725704,0.00000000,1.452071,1.477919,-0.017800,0.057301,0.057485,-0.003217,0.889486,0.889509,0.000024,1.59147206,1.000000
xamn5,XAM-N-5,255,256.000,261.000,5767,150,51,0.364286,10.200000,37.204887,9.903630,0.620081,1.187721,1.894766,1.852385,0.005884,17.682320,4226,1.894766,0.6369497776031494,14,0.274510,0.04644814,0.04537186,0.02317171,0.04644814,0.04644814,0.00000000,1.453246,1.476666,-0.016116,0.057167,0.057342,-0.003067,0.890190,0.890222,0.000032,1.62503795,1.000000
xamn5,XAM-N-5,256,257.000,262.000,5819,150,53,0.378571,10.600000,37.596348,10.463374,0.626606,1.253300,1.979438,1.990589,0.005884,18.877008,4294,1.979438,0.8319013118743896,11,0.207547,0.04633741,0.04537014,0.02087440,0.04633741,0.04633741,0.00000000,1.484223,1.506225,-0.014824,0.060587,0.060709,-0.002009,0.883782,0.883907,0.000125,1.68595509,1.000000
xamn5,XAM-N-5,257,258.000,263.000,5938,150,55,0.392857,11.000000,37.625988,10.917798,0.627100,1.296959,2.016515,2.165447,0.056654,20.374809,4438,2.016515,1.1165738105773926,11,0.200000,0.04672935,0.04583166,0.01921031,0.04672935,0.04672935,0.00000000,1.467513,1.487055,-0.013317,0.058240,0.058354,-0.001952,0.887614,0.887750,0.000136,1.71604756,1.000000
xamn5,XAM-N-5,258,259.000,264.000,5973,150,56,0.400000,11.200000,37.491558,11.198376,0.624859,1.325600,2.031496,2.316370,0.270858,21.390736,4444,2.031496,1.3291573524475098,13,0.232143,0.04658378,0.04560005,0.02111732,0.04658378,0.04658378,0.00000000,1.462674,1.481088,-0.012589,0.056520,0.056626,-0.001882,0.892183,0.892321,0.000138,1.76645223,1.000000
xamn5,XAM-N-5,259,260.000,265.000,5910,150,53,0.378571,10.600000,37.218315,11.370796,0.620305,1.362076,2.063909,2.450170,0.007562,22.401180,4346,2.063909,1.3945304155349731,14,0.264151,0.04690873,0.04576060,0.02447583,0.04690873,0.04690873,0.00000000,1.479597,1.497604,-0.012171,0.058905,0.058936,-0.000533,0.887702,0.887884,0.000182,1.77442410,1.000000
xamn5,XAM-N-5,260,261.000,266.000,5689,150,50,0.357143,10.000000,36.964802,11.353250,0.616080,1.360645,2.046238,2.525045,0.007562,23.073299,4095,2.046238,1.401443362236023,16,0.320000,0.04746328,0.04614816,0.02770815,0.04746328,0.04746328,0.00000000,1.486820,1.507578,-0.013961,0.059436,0.059609,-0.002909,0.886338,0.886421,0.000083,1.75191710,1.000000
